{
    "createInsuranceCertificate": {
        "createCertificateHeading": "Create a",
        "createCertificateSubHeading": "new certificate",
        "createCertificateMessage": "It only takes a few moments to request a new Certificate of Insurance.",
        "createCertificateSubMessage": "Just fill in the fields below and we'll get back to you within one business day.",
        "goBackLinkLabel": "Go back",
        "standardCertificateLabel": "Standard Certificate",
        "requestCustomizationLabel": "Request Customization",
        "downloadCertificateText": "Start by selecting a policy",
        "selectPolicyLabel": "Select a Policy",
        "downloadLabel": "Download",
        "viewYourDocumentsLabel": "View all your",
        "viewYourDocumentsSubLabel": "documents",
        "viewYourClaimsLabel": "View your",
        "viewYourClaimsSubLabel": "claims",
        "downloadCoiDialog": {
            "dialogTitle": "Creating your Certificate",
            "dialogSubTitle": "Please wait while we gather all of your information."
        }
    },
    "customizeCoi": {
        "heading": "Create your certificate",
        "title": "Before we can issue your new certificate, we'll need to review it. This can take up to one business day, but we'll be in touch either by phone or email as soon as we can.",
        "contactsDetailsHeader": "Check your contact details",
        "contactsDetailsTitle": "We might need to talk to you about your certificate, so please make sure your contact details are correct.",
        "labels": {
            "description": "Business description (this doesn't represent coverage) (optional)",
            "name": "Certificate holder's name",
            "addressLine1": "Address line 1",
            "addressLine2": "Address line 2 (optional)",
            "city": "City",
            "state": "State",
            "zipCode": "Zip code",
            "sendIt": "When the new certificate's ready, who do you want us to send it to?",
            "emailAddress": "Their email address",
            "yourMessage": "Your message (optional)",
            "copiedIn": "Do you want to be copied in?",
            "submitRequest": "Submit this request",
            "usersEmailaddress": "Email address",
            "usersPhoneNumber": "Phone number"
        },
        "tooltips": {
            "addressLine1": "Please enter the address"
        },
        "validations": {
            "description": {
                "required": "Please enter the description"
            },
            "name": {
                "required": "Please enter the certificate holder's name."
            },
            "addressLine1": {
                "required": "Please enter a street address."
            },
            "city": {
                "required": "Please enter a city."
            },
            "state": {
                "required": "Please enter a state."
            },
            "zipCode": {
                "required": "Please enter a zip code.",
                "invalid": "Please enter a valid zip code."
            },
            "emailAddress": {
                "required": "Please enter a valid email address.",
                "email": "Please enter a valid email address."
            },
            "userPhoneNumber": {
              "required": "Please enter a valid phone number",
              "maskValidator": "Please enter a valid phone number"
            },
            "usersEmailaddress": {
                "required": "Please enter a valid email address.",
                "email": "Please enter a valid email address."
            }
        }
    }
}
