{
    "header": "Request changes",
    "subHeader": "to your policy",
    "headerText2": "Just fill in the details below and we'll get back to you within one business day.",
    "goBackCTA": "Go back",
    "whatDoYouWantToDo": "What do you want to do?",
    "cantSeeItListed": "If you don't see it listed, just select 'Other' and tell us what it is.",
    "typeOfChangeLabel": "Type of change",
    "typeOfChangeValidation": {
      "required": "Please choose an endorsement type."
      },
    "effectiveFromLabel": "Effective from",
    "effectiveFromTooltip": "Please choose effective from",
    "yourAdditionalInsuredsHeader": "Additional insured details",
    "yourAdditionalSubTitle1": "If you'd like to include other insureds on your policy, we'd recommend adding ",
    "forExtra": "for an extra",
    "aYear": "a year.",
    "premiumChangesError": "This request may have an impact on your premium, in which case we will reach out to you before making the changes.",
    "noContractError": "We are unable to accept this request if there's no contract in place with the party being requested to be added as an Additional Insured.",
    "coversMore": "It covers mortagees, landlords, lass payees and more.",
    "yourAdditionalSubTitle2": "You can add up to three more insureds online. If you'd like to add more than three additional insureds, just get in touch.",
    "typeOfAdditionalInsuredsLabel": "Type of additional insured",
    "typeOfAdditionalInsuredsTooltip": "Select the type of additional insured based on the nature of your relationship with the third party you are requesting to be added as an additional insured.",
    "typeOfAdditionalInsuredsValidations": {
      "required": "Please select an answer."
    },
    "calendarValidations": {
      "required": "Please select the date"
    },
    "additionalInsuredNameLabel": "Additional insured's name",
    "additionalInsuredNameTooltip": "Please enter additional insured's name",
    "additionalInsuredNameValidations": {
      "required": "Please enter the additional insured's name."
    },
    "alreadyHaveContractLabel": "Do you already have a contract in place with them?",
    "alreadyHaveContractTooltip": "Please choose Yes or No",
    "alreadyHaveContractValidations": {
      "required": "Please select an answer."
    },
    "relationshipLabel": "What is your relationship to them?",
    "relationshipTooltip": "Please enter your relationship to them",
    "relationshipValidations": {
      "required": "Please enter your relationship to them"
    },
    "addressLine1Label": "Address line 1",
    "addressLine1Tooltip": "Please write address line 1",
    "addressLine1Validations": {
      "required": "Please enter the street address."
    },
    "addressLine2Label": "Address line 2 (optional)",
    "addressLine2Tooltip": "Please write address line 2",
    "cityLabel": "City",
    "cityTooltip": "Please enter city",
    "cityValidations": {
      "required": "Please enter a city."
    },
    "stateLabel": "State",
    "stateTooltip": "Please select your state",
    "stateValidations": {
      "required": "Please enter a state."
    },
    "zipcodeLabel": "Zip code",
    "zipcodeTooltip": "Please enter Zip code",
    "zipcodeValidations": {
      "required": "Please enter a zip code.",
      "minimum":"Please enter a valid zip code."
    },
    "customizeCoi": {
      "yourCOIHeader": "Your Certificate of Insurance",
      "yourCOISubTitle": "This additional insured won't appear on your Certificate of Insurance unless you choose to update it.",
      "updateCOILabel": "Do you want to update your Certificate of Insurance?",
      "updateCOITooltip": "Please choose Yes or No",
      "updateCOIValidations": {
        "required": "Please select an answer."
      },
      "descriptionOfOperationText": "Business description (this doesn't represent coverage) (optional)",
      "descriptionBoxValidationMsg": "Please enter a description of the change you are requesting.",
      "emailConfigurationText": "When the new certificate's ready, who do you want us to send it to?",
      "emailAddressLabel": "Their email address",
      "messageLabel": "Your message (optional)",
      "messageValidationMsg": "Please enter the message",
      "copiedResponseText": "Do you want to be copied in?",
      "yesLabel": "Yes",
      "noLabel": "No"
    },
    "emailRequiredValidationMsg": "Please enter the Email address",
    "validEmailValidationMsg": "Please enter a valid Email address",
    "dateValidationMessage": "Please enter today's date or a future date.",
    "validationMessage": {
      "required": "This field is required"
    },
    "footerViewYourLabel": "View your",
    "footerCoverageLabel": "coverage >",
    "footerClaimLabel": "claims >",
    "coverageQuestionLabel": "Start by selecting a policy",
    "selectPolicyLabel": "Select a Policy",
    "policySelectionErrorMessage":"Please select the policy",
    "descriptionBoxTooltip": "Please provide the description",
    "submitRequestButtonLabel": "  Submit this request",
    "descriptionLabel": "Describe the change you'd like to request.",
    "premiumChangeMessage": "There may be a change in premium",
    "descriptionBoxValidation": "Please enter a description of the change you are requesting.",
    "policyTypeRequiredValidation": "Please select the policy type",
    "effectiveDateValidation":{
      "required":"Please enter an effective date."
    },
    "typeOfChangeRequiredValidation": "Please select the type of change",
		"contactDetailsTitle": "Check your contact details",
		"contactDetailsSubTitle": "We might need to talk to you about your endorsements, so please make sure your contact details are correct.",
		"emailAddressLabel": "Email address",
		"emailAddressTooltip": "Please verify your email address",
		"phoneNumberLabel": "Phone number",
		"phoneNumberTooltip": "Please verify your phone number",
		"phoneNumberValidations": {
      "required": "Please enter a valid phone number",
      "maskValidator": "Please enter a valid phone number"
		},
		"userEmailValidations": {
			"required": "Please enter the Email address",
			"email": "Please enter a valid Email address"
		}
	}
