{
    "AL": {
        "name": "Alabama",
        "text": "Any person who knowingly presents a false or fraudulent claim for payment of a loss or benefit or who knowingly presents false information in an application for insurance is guilty of a crime and may be subject to restitution fines or confinement in prison, or any combination thereof."
    },
    "AK": {
        "name": "Alaska",
        "text": "A person who knowingly and with intent to injure, defraud, or deceive an insurance company files a claim containing false, incomplete, or misleading information may be prosecuted under state law."
    },
    "AS": {
        "name": "American Samoa",
        "text": ""
    },
    "AZ": {
        "name": "Arizona",
        "text": "For your protection Arizona law requires the following statement to appear on this form. Any person who knowingly presents a false or fraudulent claim for payment of a loss is subject to criminal and civil penalties."
    },
    "AR": {
        "name": "Arkansas",
        "text": "Any person who knowingly presents a false or fraudulent claim for payment of a loss or benefit or knowingly presents false information in an application for insurance is guilty of a crime and may be subject to fines and confinement in prison."
    },
    "CA": {
        "name": "California",
        "text": "For your protection, California law requires the following to appear on this form. Any person who knowingly presents a false or fraudulent claim for the payment of a loss is guilty of a crime and may be subject to fines and confinement in state prison."
    },
    "CO": {
        "name": "Colorado",
        "text": "It is unlawful to knowingly provide false, incomplete, or misleading facts or information to an insurance company for the purpose of defrauding or attempting to defraud the company. Penalties may include imprisonment, fines, denial of insurance, and civil damages. Any insurance company or agent of an insurance company who knowingly provides false, incomplete, or misleading facts or information to a policyholder or claimant for the purpose of defrauding or attempting to defraud the policyholder or claimant with regard to a settlement or award payable from insurance proceeds shall be reported to the Colorado division of insurance within the department of regulatory agencies."
    },
    "CT": {
        "name": "Connecticut",
        "text": "It is a crime to knowingly provide false, incomplete or misleading information to an insurance company for the purpose of defrauding the company. Penalties include imprisonment, fines and denial of insurance benefits."
    },
    "DE": {
        "name": "Delaware",
        "text": "Any person who knowingly, and with intent to injure, defraud or deceive any insurer, files a statement of claim containing any false, incomplete or misleading information is guilty of a felony."
    },
    "DC": {
        "name": "District Of Columbia",
        "text": "WARNING: It is a crime to provide false or misleading information to an insurer for the purpose of defrauding the insurer or any other person. Penalties include imprisonment and/or fines. In addition, an insurer may deny insurance benefits if false information materially related to a claim was provided by the applicant."
    },
    "FM": {
        "name": "Federated States Of Micronesia",
        "text": ""
    },
    "FL": {
        "name": "Florida",
        "text": "Any person who knowingly and with intent to injure, defraud, or deceive any insurer files a statement of claim or an application containing any false, incomplete, or misleading information is guilty of a felony of the third degree."
    },
    "GA": {
        "name": "Georgia",
        "text": "It is a crime to knowingly provide false, incomplete or misleading information to an insurance company for the purpose of defrauding the company. Penalties include imprisonment, fines and denial of insurance benefits."
    },
    "GU": {
        "name": "Guam",
        "text": ""
    },
    "HI": {
        "name": "Hawaii",
        "text": "It is a crime to knowingly provide false, incomplete or misleading information to an insurance company for the purpose of defrauding the company. Penalties include imprisonment, fines and denial of insurance benefits."
    },
    "ID": {
        "name": "Idaho",
        "text": "It is a crime to knowingly provide false, incomplete or misleading information to an insurance company for the purpose of defrauding the company. Penalties include imprisonment, fines and denial of insurance benefits."
    },
    "IL": {
        "name": "Illinois",
        "text": "It is a crime to knowingly provide false, incomplete or misleading information to an insurance company for the purpose of defrauding the company. Penalties include imprisonment, fines and denial of insurance benefits."
    },
    "IN": {
        "name": "Indiana",
        "text": "A person who knowingly and with intent to defraud an insurer files a statement of claim containing any false, incomplete, or misleading information commits a felony."
    },
    "IA": {
        "name": "Iowa",
        "text": "It is a crime to knowingly provide false, incomplete or misleading information to an insurance company for the purpose of defrauding the company. Penalties include imprisonment, fines and denial of insurance benefits."
    },
    "KS": {
        "name": "Kansas",
        "text": "It is a crime to knowingly provide false, incomplete or misleading information to an insurance company for the purpose of defrauding the company. Penalties include imprisonment, fines and denial of insurance benefits."
    },
    "KY": {
        "name": "Kentucky",
        "text": "Any person who knowingly and with intent to defraud an insurance company or other person files an application for insurance containing any materially false information or conceals, for the purpose of misleading, information concerning any fact material thereto commits a fraudulent insurance act, which is a crime."
    },
    "LA": {
        "name": "Louisiana",
        "text": "Any person who knowingly presents a false or fraudulent claim for payment of a loss or benefit or knowingly presents false information in an application for insurance is guilty of a crime and may be subject to fines and confinement in prison."
    },
    "ME": {
        "name": "Maine",
        "text": "It is a crime to knowingly provide false, incomplete or misleading information to an insurance company for the purpose of defrauding the company. Penalties may include imprisonment, fines or a denial of insurance benefits."
    },
    "MH": {
        "name": "Marshall Islands",
        "text": ""
    },
    "MD": {
        "name": "Maryland",
        "text": "Any person who knowingly and willfully presents a false or fraudulent claim for payment of a loss or benefit or who knowingly and willfully presents false information in an application for insurance is guilty of a crime and may be subject to fines and confinement in prison."
    },
    "MA": {
        "name": "Massachusetts",
        "text": "It is a crime to knowingly provide false, incomplete or misleading information to an insurance company for the purpose of defrauding the company. Penalties include imprisonment, fines and denial of insurance benefits."
    },
    "MI": {
        "name": "Michigan",
        "text": "It is a crime to knowingly provide false, incomplete or misleading information to an insurance company for the purpose of defrauding the company. Penalties include imprisonment, fines and denial of insurance benefits."
    },
    "MN": {
        "name": "Minnesota",
        "text": "A person who files a claim with intent to defraud or helps commit a fraud against an insurer is guilty of a crime."
    },
    "MS": {
        "name": "Mississippi",
        "text": "It is a crime to knowingly provide false, incomplete or misleading information to an insurance company for the purpose of defrauding the company. Penalties include imprisonment, fines and denial of insurance benefits."
    },
    "MO": {
        "name": "Missouri",
        "text": "It is a crime to knowingly provide false, incomplete or misleading information to an insurance company for the purpose of defrauding the company. Penalties include imprisonment, fines and denial of insurance benefits."
    },
    "MT": {
        "name": "Montana",
        "text": "It is a crime to knowingly provide false, incomplete or misleading information to an insurance company for the purpose of defrauding the company. Penalties include imprisonment, fines and denial of insurance benefits."
    },
    "NE": {
        "name": "Nebraska",
        "text": "It is a crime to knowingly provide false, incomplete or misleading information to an insurance company for the purpose of defrauding the company. Penalties include imprisonment, fines and denial of insurance benefits."
    },
    "NV": {
        "name": "Nevada",
        "text": "It is a crime to knowingly provide false, incomplete or misleading information to an insurance company for the purpose of defrauding the company. Penalties include imprisonment, fines and denial of insurance benefits."
    },
    "NH": {
        "name": "New Hampshire",
        "text": "Any person who, with a purpose to injure, defraud or deceive any insurance company, files a statement of claim containing any false, incomplete or misleading information is subject to prosecution and punishment for insurance fraud, as provided in RSA 638:20."
    },
    "NJ": {
        "name": "New Jersey",
        "text": "Any person who knowingly files a statement of claim containing any false or misleading information is subject to criminal and civil penalties."
    },
    "NM": {
        "name": "New Mexico",
        "text": "Any person who knowingly presents a false or fraudulent claim for payment of a loss or benefit or knowingly presents false information in an application for insurance is guilty of a crime and may be subject to civil fines and criminal penalties."
    },
    "NY": {
        "name": "New York",
        "text": "Any person who knowingly and with intent to defraud any insurance company or other person files an application for insurance or statement of claim containing any materially false information, or conceals for the purpose of misleading, information concerning any fact material thereto, commits a fraudulent insurance act, which is a crime, and shall also be subject to a civil penalty not to exceed $5,000.00 and the stated value of the claim for each such violation."
    },
    "NC": {
        "name": "North Carolina",
        "text": "It is a crime to knowingly provide false, incomplete or misleading information to an insurance company for the purpose of defrauding the company. Penalties include imprisonment, fines and denial of insurance benefits."
    },
    "ND": {
        "name": "North Dakota",
        "text": "It is a crime to knowingly provide false, incomplete or misleading information to an insurance company for the purpose of defrauding the company. Penalties include imprisonment, fines and denial of insurance benefits."
    },
    "MP": {
        "name": "Northern Mariana Islands",
        "text": ""
    },
    "OH": {
        "name": "Ohio",
        "text": "Any person who, with intent to defraud or knowing that he is facilitating a fraud against an insurer, submits an application or files a claim containing a false or deceptive statement is guilty of insurance fraud."
    },
    "OK": {
        "name": "Oklahoma",
        "text": "Warning: Any person who knowingly, and with intent to injure, defraud or deceive any insurer, makes any claim for the proceeds of an insurance policy containing any false, incomplete or misleading information is guilty of a felony."
    },
    "OR": {
        "name": "Oregon",
        "text": "It is a crime to knowingly provide false, incomplete or misleading information to an insurance company for the purpose of defrauding the company. Penalties include imprisonment, fines and denial of insurance benefits."
    },
    "PW": {
        "name": "Palau",
        "text": ""
    },
    "PA": {
        "name": "Pennsylvania",
        "text": "Any person who knowingly and with intent to defraud any insurance company or other person files an application for insurance or statement of claim containing any materially false information or conceals for the purpose of misleading, information concerning any fact material thereto commits a fraudulent insurance act, which is a crime and subjects such person to criminal and civil penalties."
    },
    "PR": {
        "name": "Puerto Rico",
        "text": ""
    },
    "RI": {
        "name": "Rhode Island",
        "text": "Any person who knowingly presents a false or fraudulent claim for payment of a loss or benefit or knowingly presents false information in an application for insurance is guilty of a crime and may be subject to fines and confinement in prison."
    },
    "SC": {
        "name": "South Carolina",
        "text": "It is a crime to knowingly provide false, incomplete or misleading information to an insurance company for the purpose of defrauding the company. Penalties include imprisonment, fines and denial of insurance benefits."
    },
    "SD": {
        "name": "South Dakota",
        "text": "It is a crime to knowingly provide false, incomplete or misleading information to an insurance company for the purpose of defrauding the company. Penalties include imprisonment, fines and denial of insurance benefits."
    },
    "TN": {
        "name": "Tennessee",
        "text": "It is a crime to knowingly provide false, incomplete or misleading information to an insurance company for the purpose of defrauding the company. Penalties include imprisonment, fines and denial of insurance benefits."
    },
    "TX": {
        "name": "Texas",
        "text": "It is a crime to knowingly provide false, incomplete or misleading information to an insurance company for the purpose of defrauding the company. Penalties include imprisonment, fines and denial of insurance benefits."
    },
    "UT": {
        "name": "Utah",
        "text": "It is a crime to knowingly provide false, incomplete or misleading information to an insurance company for the purpose of defrauding the company. Penalties include imprisonment, fines and denial of insurance benefits."
    },
    "VT": {
        "name": "Vermont",
        "text": "It is a crime to knowingly provide false, incomplete or misleading information to an insurance company for the purpose of defrauding the company. Penalties include imprisonment, fines and denial of insurance benefits."
    },
    "VI": {
        "name": "Virgin Islands",
        "text": ""
    },
    "VA": {
        "name": "Virginia",
        "text": "It is a crime to knowingly provide false, incomplete or misleading information to an insurance company for the purpose of defrauding the company. Penalties include imprisonment, fines and denial of insurance benefits."
    },
    "WA": {
        "name": "Washington",
        "text": "It is a crime to knowingly provide false, incomplete or misleading information to an insurance company for the purpose of defrauding the company. Penalties include imprisonment, fines and denial of insurance benefits."
    },
    "WV": {
        "name": "West Virginia",
        "text": "Any person who knowingly presents a false or fraudulent claim for payment of a loss or benefit or knowingly presents false information in an application for insurance is guilty of a crime and may be subject to fines and confinement in prison."
    },
    "WI": {
        "name": "Wisconsin",
        "text": "It is a crime to knowingly provide false, incomplete or misleading information to an insurance company for the purpose of defrauding the company. Penalties include imprisonment, fines and denial of insurance benefits."
    },
    "WY": {
        "name": "Wyoming",
        "text": "It is a crime to knowingly provide false, incomplete or misleading information to an insurance company for the purpose of defrauding the company. Penalties include imprisonment, fines and denial of insurance benefits."
    }
}