{
    "servicing": [
        {
            "label": "Email us",
            "value": "service.smallbusiness@chubb.com",
            "link": "mailto:service.smallbusiness@chubb.com"
        },
        {
            "label": "Call us",
            "value": "(866) 307-7122",
            "link": "tel:1-866-307-7122"
        }
    ],
    "claims": [
        {
            "label": "Email us",
            "value": "claims.smallbusiness@chubb.com",
            "link": "mailto:claims.smallbusiness@chubb.com"
        },
        {
            "label": "Call us",
            "value": "(844) 539-3801",
            "link": "tel:1-844-539-3801"
            
        }
    ]
}