{
    "retrieveUsernameTitle": "Retrieve your",
    "retrieveUsernamesubTitle": "Username",
    "retrieveUsernameContent": "Just enter the email address you used to register your Chubb account and we will email you the username.",
    "emailAddressLabel": "Your email address",
    "emailAddressTooltip": "Please enter your email address",
    "retrieveUsernameButtonText": "Retrieve Username",
    "backtoLoginText": "Click here to login",
    "emailValidation": {
      "required": "Please enter your email address.",
      "email": "Please provide a valid email address."
    },
    "emailToolTip":"Please enter your email address.",
    "captchaError": "Please validate captcha"
}
