{
  "userProfile": {
    "titleUpper": "My",
    "titleLower": "details",
    "subTitleUpper": "Whether you're looking to change your password or update your phone number, this is the place to do it.",
    "viewNotificationCTA": "View my notifications",
    "securityDetailsTitle": "Security details",
    "contactDetailsTitle": "Contact details",
    "editLabel": "Edit",
    "userNameLabel": "Username:",
    "passwordLabel": "Password:",
    "passwordMask": "********",
    "editContactDetails": {
      "phoneNumberLabel": "Phone number",
      "emailAddressLabel": "Email address",
      "firstNameLabel": "First name",
      "lastNameLabel": "Last name",
      "cancelButtonLabel": "Cancel",
      "saveButtonLabel": "Save changes",
      "phoneNumberTooltip": "Please enter the new phone number",
      "firstNameTooltip": "Please enter the first name",
      "lastNameTooltip": "Please enter the last name",
      "email": "pearl.jain@chubb.com",
      "phoneNumberValidation": {
        "required": "Please enter a valid phone number",
        "maskValidator": "Please enter a valid phone number"
      },
      "firstNameValidation": {
        "required": "Please enter the first name."
      },
      "lastNameValidation": {
        "required": "Please enter the last name."
      }
    },
    "userDetails": [
      {
        "contactDetails": [
          {
            "label": "First Name:"
          },
          {
            "label": "Last Name:"
          },
          {
            "label": "Email address:"
          },
          {
            "label": "Phone number:"
          }
        ],
        "securityDetails": [
          {
            "label": "Username:"
          },
          {
            "label": "Password:"
          }
        ]
      }
    ],
    "securityDetailsModal": {
      "title": "Thank you",
      "subTitle": "Your password has been successfully changed.",
      "closeButtonLabel": "Close"
    },
    "editSecurityDetails": {
      "title": "Set your new password.",
      "usernameLabel": "Username",
      "currentPasswordLabel": "Current password",
      "newPasswordLabel": "New password",
      "confirmNewPasswordLabel": "Retype new password",
      "newPasswordTooltip": "Cannot contain Username, first name or last name, Needs to have minimum 8 characters, Needs to have atleast 1 capital letter and 1 lower case letter, Needs to have at least 1 number",
      "confirmNewPasswordTooltip": "Please retype new password",
      "cancelButton": "Cancel",
      "changePasswordButton": "Change password",
      "newPasswordValidationLabel": {
        "minCharacters": "Needs to have a minimum of 8 characters",
        "maxCharacters": "Needs to have a maximum of 64 characters",
        "numberLabel": "Needs to have at least 1 number",
        "letterCaseLabel": "Needs to have at least 1 capital letter and 1 lower case letter",
        "multipleCheckLabel": "Needs to have at least 3 of the following: 1 capital letter, 1 lower case letter, 1 number, 1 symbol"
      },
      "newPasswordValidation": {
        "required": "Please enter your new password",
        "minLength": "Please enter a valid password",
        "match": "Password do not match"
      },
      "confirmNewPasswordValidation": {
        "required": "Please re-enter your password",
        "minLength": "Please enter a valid password",
        "maxLength": "Please enter a valid password",
        "match": "Password do not match"
      }
    }
  }
}
