{
    "verificationTitle": "Register for",
    "portalTitle": "Commercial Client Portal",
    "verificationSummary": "Please enter your policy number and email address.",
    "policyNumberLabel": "Policy Number",
    "policyNumberToolTip": "You can find the policy number in your policy document or your bill. If you received a welcome email from us after you purchased your policy, the policy number is contained in that email as well.",
    "emailLabel": "Your email address",
    "emailToolTip": "Please enter the email address you provided when purchasing your Chubb policy.",
    "policyNumberValidation": {
      "required": "Please provide policy number.",
      "maxLength": "Please provide policy number.",
      "minLength": "Please provide policy number."
    },
    "emailValidation": {
      "required": "Please enter the email address you provided when purchasing your Chubb policy.",
      "email": "Please provide a valid email address."
    },
    "apiFailureError":"We could not locate an active policy based on the information you provided.",
    "nonDigitalPolicyError":"Please contact your agent for any policy service requests.",
    "captchaError": "Please validate captcha",
    "buttonLabel": "Register"
  }