{
    "PolicySummary":{
       "GeneralLiability":{
          "LobCoverageType":"CommercialLiabilityProperty",
          "BuildingLimit":{
             "Description":"Standard",
             "LimitAmount":0.0,
             "LimitText":null,
             "DisplayValue":0.0
          },
          "BPPLimit":{
             "Description":"Standard",
             "LimitAmount":41390.0,
             "LimitText":null,
             "DisplayValue":41390.0
          },
          "QuoteNumber":"05298033",
          "Premium":"863.15",
          "EffectiveDate":"2018-10-02T00:00:00",
          "ExpirationDate":"2019-10-02T00:00:00",
          "Status":"InForce"
       },
       "NamedInsured":{
          "FullName":"OFAC TESTING 1002",
          "MailingAddress":{
             "CityName":"Freehold",
             "LineOne":"202 Halls Mill Rd",
             "LineTwo":"",
             "PostalCode":"07728-8832",
             "StateOrProvinceCode":"NJ"
          },
          "ClassCode":"240|[59685] Florists - Retail"
       },
       "Producer":{
          "Name":"EDGEWOOD PARTNERS INSURANCE CENTER",
          "Number":"0017098"
       },
       "MiscellaneousProfessionalLiability":null,
       "Cyber":null
    },
    "PolicyCoverage":{
       "GeneralLiability":{
          "LobCoverageType":"CommercialLiabilityProperty",
          "FireDamageRentedPremises":{
             "Description":"Standard",
             "LimitAmount":1000000.0,
             "LimitText":null,
             "DisplayValue":1000000.0
          },
          "MedicalExpense":{
             "Description":"MedicalExpenses",
             "LimitAmount":5000.0,
             "LimitText":null,
             "DisplayValue":5000.0
          },
          "PersonalAndAdvertisingInjury":{
             "Description":null,
             "LimitAmount":null,
             "LimitText":"Included",
             "DisplayValue":"Included"
          },
          "ProductsAndCompletedOperations":{
             "Description":"ProductsCompletedAggregate",
             "LimitAmount":2000000.0,
             "LimitText":null,
             "DisplayValue":2000000.0
          },
          "EachOccurrence":{
             "Description":"Liability",
             "LimitAmount":1000000.0,
             "LimitText":null,
             "DisplayValue":1000000.0
          },
          "GeneralAggregate":{
             "Description":"GeneralAggregate",
             "LimitAmount":2000000.0,
             "LimitText":null,
             "DisplayValue":2000000.0
          }
       },
       "Property":{
          "Buildings":{
             "Description":"Standard",
             "LimitAmount":0.0,
             "LimitText":null,
             "DisplayValue":0.0
          },
          "Contents":{
             "Description":"Standard",
             "LimitAmount":41390.0,
             "LimitText":null,
             "DisplayValue":41390.0
          }
       },
       "ExcessUmbrella":null,
       "MiscellaneousProfessionalLiability":null,
       "CyberEnterpriseRiskManagement":null
    },
    "Status":{
       "HttpStatusCode":0,
       "StatusCode":"S",
       "Error":null
    },
    "Error":null
 }