{
    "reportClaim": {
        "claimReportDetails": {
            "submitTextFirst": "Claim",
            "submitTextSecond": "Submitted",
            "stepperText": "Answer a few questions about your loss below, and one of our claim professionals will be in touch with you within 24-48 hours.If you do not see your policy below, please call us at "
        },
        "submitClaimDetails": {
            "thankYouText": "Thank you, your claim has been succesfully submitted. Any questions?",
            "faqText": "See our FAQs",
            "claimNumberText": "Your claim number is:",
            "claimNumber": "12415351",
            "contactText": "If you need urgent crisis management or legal advice, please contact the Cyber Incident Response Coach Hotline at",
            "cyberPhoneNumber": "(800) 817-2665",
            "cyberEmail": "cyberalert@chubb.com",
            "phoneNumber":"(844) 539-3801",
            "csbEmail": "claims.smallbusiness@chubb.com",
            "claimProcessHeadText": "We make the claim process",
            "claimProcessSubHeadText": "less of a process",
            "claimsText": "Our dedicated and experienced team will work tirelessly to make sure your claim goes from submitted to resolved as quickly and efficiently as possible. Learn more about what you can expect from the claims process with Chubb.",
            "buttonText": "Learn More"
        }
    }
}
