{
	"policies": [
		{		
			"policyNumber": "CLBNJF993968595",
			"cpNumber": "178011236064",
			"effectiveDate": "2018-09-20T00:00:00",
			"expirationDate": "2019-09-20T00:00:00",
			"status": "InForce",
			"active": true,
			"productType": "Business Owner's Policy",
			"sourceSystem": "Micro",
			"policyType": "BOP",
			"policySubType": null,
			"serviceDelegation": true,
			"sendCoi": true,
			"zipCode": "08559",
			"isWSGpolicy": "Yes",
			"serviceDelegationFlag":"Yes",
			"sendCoiFlag":"Yes",
			"email": "pearl.jain@chubb.com",
			"producer": "Team Focus"
		}, {
			"policyNumber": "RTLNJF147823695",
			"cpNumber": "178011236064",
			"effectiveDate": "2019-01-11T00:00:00",
			"expirationDate": "2020-01-11T00:00:00",
			"status": "InForce",
			"active": true,
			"productType": "Cyber (ERM) Policy",
			"sourceSystem": "Micro",
			"policyType": "MicroPackage",
			"policySubType": null,
			"serviceDelegation": true,
			"sendCoi": false,
			"zipCode": "07302",
			"isWSGpolicy": "Yes",
			"sendCoiFlag": "No",
			"serviceDelegationFlag": "Yes",
			"serviceArea": "TF2",
			"email": "pearl.jain@chubb.com",
			"producer": "Team Focus"
		}
	]
}