{
  "dashboard": {
    "services": {
      "policies": [
        {
          "policyNumber": "CLBNJF993968595",
          "policySourceSystem": "Micro",
          "policyTypeDescription": "Business Owner's Policy",
          "inceptionDate": "Feb 22 2019",
          "expirationDate": "Feb 22 2020",
          "purchaseEmail": "pearl.jain@chubb.com",
          "zipCode": "08559",
          "isWSGpolicy": "Yes",
          "sendCOI": "Yes",
          "serviceDeligation": "Yes"
        },
        {
          "policyNumber": "RTLNJF147823695",
          "policySourceSystem": "Micro",
          "policyTypeDescription": "Cyber (ERM) Policy",
          "inceptionDate": "May 12 2019",
          "expirationDate": "May 12 2020",
          "purchaseEmail": "pearl.jain@chubb.com",
          "zipCode": "07302",
          "isWSGpolicy": "Yes",
          "sendCOI": "No",
          "serviceDeligation": "Yes"
        }
      ]
    },
    "wallet": {
      "walletTitle": "My Wallet",
      "walletLabel": "Set your default payment method",
      "autoPayTitle": "Try AutoPay",
      "autoPayLabel": "Enroll with AutoPay and we'll collect your payment on time, every time. And we'll even waive your installment fees(in most states).",
      "buttonLabel": "Enroll"
    },
    "coi": {
      "coiTitle": "Your Certificate",
      "coiSubTitle": "of Insurance (COI)",
      "coiLabel": "View, download, or request edits to your COI.",
      "requestEditsButton": "Request Edits to COI",
      "downloadCoiButton": "Download COI",
      "viewCoiLabel": "View all COIs",
      "noPoliciesLabel": "No policies available"
    },
    "cyberInsurance": {
      "insuranceTitle": "Have you thought about Cyber Insurance?",
      "insuranceLabel": "35 businesses like yours in the New Jersey area took out our Cyber Insurance during the last six months to cover themselves against emerging digital threats.",
      "insuranceSubLabel": "Want to make sure your business is covered too? Read all about it.",
      "buttonLabel": "Add this product"
    },
    "reviewCover": {
      "coverTitle": "Review your cover?",
      "coverLabel": "Before you renew, make sure your coverage is still right for your business. Your agent will be able to advise you on this,or you can come to us with any questions.",
      "buttonLabel": "Contact my agent"
    }
  },
  "createInsuranceCertificate": {
    "createCertificateHeading": "Create a",
    "createCertificateSubHeading": "new certificate",
    "createCertificateMessage": "It only takes a few moments to request a new Certificate of Insurance.",
    "createCertificateSubMessage": "Just fill in the fields below and we'll get back to you within one business day.",
    "goBackLinkLabel": "Go back",
    "standardCertificateLabel": "Standard Certificate",
    "requestCustomizationLabel": "Request Customization",
    "downloadCertificateText": "Start by selecting a policy",
    "selectPolicyLabel": "Select a Policy",
    "downloadLabel": "Download",
    "viewYourDocumentsLabel": "View all your",
    "viewYourDocumentsSubLabel": "documents",
    "viewYourClaimsLabel": "View your",
    "viewYourClaimsSubLabel": "claims",
    "downloadCoiDialog": {
      "dialogTitle": "Creating your Certificate",
      "dialogSubTitle": "Please wait while we gather all of your information."
    }
  },
  "registration": {
    "title": "Your policy your way",
    "subTitle": {
      "activateTitle": "Complete",
      "accountTitle": "Registration"
    },
    "buttonLabel": "Complete Registration",
    "activate": {
      "activateTitle": "Register for",
      "accountTitle": "Commercial Client Portal",
      "activateSummary": "Please enter your policy number and email address.",
      "PolicyNumberLabel": "Policy Number",
      "PolicyNumberToolTip": "Your policy number can be found in your policy document or bill.  If you received a welcome email from us after you purchased your policy, the policy number can also be found in that email too.",
      "emailLabel": "Your email address",
      "emailToolTip": "Please enter the email address you provided when purchasing your Chubb policy.",
      "backButtonLabel": "Back",
      "policyNumberValidation": {
        "required": "Please provide your Policy Number",
        "maxLength": "Please provide a valid Policy Number",
        "minLength": "Please provide a valid Policy Number"
      },
      "emailValidation": {
        "required": "Please enter the email address you provided as a part of your contact information while purchasing your Chubb policy",
        "email": "Please provide a valid Email Address"
      },
      "captchaError": "Please validate captcha",
      "buttonLabel": "Register"
    },
    "initiatePasswordReset": {
      "title": {
        "registrationConfirmationTitle": "Reset your",
        "registrationTitle": "password"
      },
      "passwordResetSummary": "Never mind, it happens to us all. Just enter your username below and",
      "passwordResetSubSummary": "we'll email some easy instructions to set up a new password.",
      "userNameLabel": "Your Username",
      "resetPasswordButtonLabel": "Reset password",
      "backToLoginLabel": "Click here to login",
      "userNameToolTipText": "Please enter your username ",
      "userNameValidation": {
        "required": "Please provide your Username",
        "maxLength": "Please enter a Valid Username",
        "minLength": "Please enter a Valid Username"
      },
      "captchaError": "Please validate captcha"
    },
    "resetPassword": {
      "title": {
        "resetPasswordTitle": "Set a new",
        "resetPasswordSubtitle": "password"
      },
      "resetPasswordSummary": "We'll update this for Username.",
      "newPasswordLabel": "New password",
      "confirmNewPasswordLabel": "Confirm new password",
      "setNewPasswordLabel": "Set new password",
      "backToLoginLinkLabel": "Click here to login",
      "newPasswordToolTip": "Cannot contain Username, first name or last name, Needs to have minimum 8 characters, Needs to have atleast 1 capital letter and 1 lower case letter, Needs to have at least 1 number",
      "confirmNewPasswordToolTip": "Please re-enter your password",
      "newPasswordValidationLabel": {
        "minCharacters": "Needs to have a minimum of 8 characters",
        "numberLabel": "Needs to have at least 1 number",
        "letterCaseLabel": "Needs to have at least 1 capital letter and 1 lower case letter"
      },
      "newPasswordStrengthLabel": "Password Strength",
      "newPasswordValidation": {
        "required": "Please enter a Password",
        "minLength": "Please enter a Valid Password",
        "maxLength": "Please enter a Valid Password"
      },
      "confirmNewPasswordValidation": {
        "required": "Please re-enter your Password",
        "minLength": "Please enter a Valid Password",
        "maxLength": "Please enter a Valid Password",
        "match": "Password do not match"
      }
    },
    "registrationConfirmation": {
      "title": {
        "registrationConfirmationTitle": "We've sent",
        "registrationTitle": "you an email"
      },
      "confirmationSummary": "Just follow the instructions sent to you at  ",
      "sendAgainText": "Didn't receive it?",
      "sendItAgainLink": "Send it again",
      "backButtonLabel": "Click here to login",
      "email": "pearl.jain@chubb.com"
    },
    "forgotPasswordConfirmation": {
      "title": "We've sent",
      "subTitle": "you an email",
      "confirmationSummary": "Just follow the instructions to reset your password for ",
      "sendAgainText": "Didn't receive it?",
      "sendItAgainLink": "Send it again",
      "backButtonLabel": "Click here to login",
      "email": "pearl.jain@chubb.com"
    },
    "resetPasswordConfirmation": {
      "title": {
        "resetPasswordConfirmationTitle": "You have successfully",
        "resetPasswordConfirmationSubTitle": "changed your password"
      },
      "backButtonLabel": "Click here to login"
    },
    "signup": {
      "signUpSummary": "Please choose a username and password to complete registration.",
      "signUpSubSummary": "You will use these to log into the Chubb Commercial Client Center.",
      "userNameLabel": "Username",
      "userNameToolTip": "Should be minimum 6 characters and maximum of 32 characters, Cannot be same as password, Cannot contain any special characters",
      "createPasswordLabel": "Create a password",
      "createPasswordToolTip": "Cannot contain Username, first name or last name, Needs to have minimum 8 characters, Needs to have atleast 1 capital letter and 1 lower case letter, Needs to have at least 1 number",
      "confirmPasswordLabel": "Confirm your password",
      "confirmPasswordToolTip": "Please re-enter your password",
      "acceptLabel": "I accept the",
      "termsAndConditionsLabel": "Terms & Conditions",
      "termsAndConditionsValidationMsg": " Please accept the Terms & Conditions",
      "passwordValidationLabel": {
        "minCharacters": "Needs to have a minimum of 8 characters",
        "numberLabel": "Needs to have at least 1 number",
        "letterCaseLabel": "Needs to have at least 1 capital letter and 1 lower case letter"
      },
      "passwordStrengthLabel": "Password Strength",
      "userNameValidation": {
        "required": "Please enter a Username",
        "maxLength": "Please enter a Valid Username",
        "minLength": "Please enter a Valid Username",
        "pattern": "Please enter a Valid Username"
      },
      "passwordValidation": {
        "required": "Please enter a Password",
        "minLength": "Please enter a Valid Password",
        "maxLength": "Please enter a Valid Password"
      },
      "confirmPasswordValidation": {
        "required": "Please re-enter your Password",
        "minLength": "Please enter a Valid Password",
        "maxLength": "Please enter a Valid Password",
        "match": "Password do not match"
      }
    },
    "expiredRegistrationLink": {
      "expiredRegistrationLinkTitle": "Your registration link",
      "expiredRegistrationLinksubTitle": "has expired",
      "expiredRegistrationLinkcontent": "Your registration link is only valid for ",
      "validHours": "48 hours",
      "expiredRegistrationLinksubcontent": "Click the button below to get a new registration link sent to ",
      "resendButtonText": "Send me a new link",
      "backToLoginLabel": "Click here to login",
      "loggedInUser": "pearl.jain@chubb.com",
      "captchaRequiredError": "Please validate captcha"
    },
    "expiredPasswordLink": {
      "expiredpasswordLinkLabel": "Your reset link",
      "expiredpasswordsubLabel": "has expired",
      "passwordLinkContent": "Your password reset link is only valid for ",
      "validHours": "15 minutes",
      "sendLinkAgainLabel": " If you still want to reset the password for ",
      "belowButtonLabel": " click the button below.",
      "newLinkButton": "Reset password",
      "backToLoginLabel": "Click here to login",
      "loggedInUser": "pearl.jain@chubb.com",
      "captchaRequiredError": "Please validate captcha"
    }
  },
  "login": {
    "loginLabel": "Login",
    "userNameLabel": "Username",
    "passwordLabel": "Password",
    "troubleLoggingInlabel": "Trouble logging in?",
    "ForgotUserNameLabel": "Forgot Username",
    "ForgotPasswordLabel": "Forgot Password",
    "signInButtonLabel": "Sign in",
    "FirstTimeUserLabel": "First time?",
    "ActivateyouraccountLabel": "Register here",
    "sufferedaLossLabel": "Suffered a loss?",
    "sufferedaLossBody": "Report a claim in minutes. And get your business back up and running sooner with electronic claims payments directly into your account.",
    "userNameValidation": {
      "required": "Please enter a Username"
    },
    "passwordValidation": {
      "required": "Please enter a Password"
    },
    "userNameToolTip": "Please enter your Username",
    "passwordToolTip": "Please enter your Password",
    "retrieveUsernameDetails": {
      "retrieveUsernameTitle": "Retrieve your",
      "retrieveUsernamesubTitle": "Username",
      "retrieveUsernameContent": "Just enter the email address you used to register your Chubb account and we will email you the username.",
      "emailAddressLabel": "Your email address",
      "emailAddressTooltip": "Please enter your email address",
      "retrieveUsernameButtonText": "Retrieve Username",
      "backtoLoginText": "Click here to login",
      "emailValidation": {
        "required": "Please provide your Email Address",
        "email": "Please provide a valid Email Address"
      },
      "captchaError": "Please validate captcha"
    },
    "retrieveUsernameConfirmation": {
      "retrieveUsernameConfirmationTitle": "We've sent",
      "retrieveUsernameConfirmationsubTitle": "you an email",
      "usernameConfirmationContent": "It contains your username",
      "didntReceiveItLabel": "Didn't receive it?",
      "sendItAgainLabel": "Send it again",
      "backToLoginPageLabel": "Click here to login"
    }
  },
  "coverage": {
    "policies": [
      {
        "status": "active",
        "policyName": "Business Owners",
        "policyType": "Plus Policy",
        "iconName": "bop_purple.svg",
        "nonServiceCenterPolicyStatus": "No",
        "policyDetails": [
          {
            "label": "Policy number:",
            "value": "CLBNJF993968595"
          },
          {
            "label": "Duration:",
            "value": "1 year"
          },
          {
            "label": "Effective:",
            "value": "2/22/19-2/22/20"
          },
          {
            "label": "Premium:",
            "value": "$589.00 a year"
          },
          {
            "label": "Agent",
            "value": "CoverHound"
          }
        ],
        "coverageDetails": [
          {
            "coverageType": "General Liability",
            "coverages": [
              {
                "label": "Products/Completed Operations Aggregate",
                "value": "$2,000,00.00"
              },
              {
                "label": "Personal & Advertising Injury:",
                "value": "$2,000,00.00"
              },
              {
                "label": "Damage to Premised Rented to you(Each Occurence)",
                "value": "$2,000,00.00"
              },
              {
                "label": "Medical Expense(Per Person)",
                "value": "$2,000,00.00"
              },
              {
                "label": "General Aggregate",
                "value": "$2,000,00.00"
              },
              {
                "label": "General Aggregate",
                "value": "$2,000,00.00"
              }
            ]
          },
          {
            "coverageType": "Property",
            "coverages": [
              {
                "label": "Buildings",
                "value": "$2,000,00.00"
              },
              {
                "label": "Contents",
                "value": "$2,000,00.00"
              }
            ]
          }
        ],
        "coverages": [
          {
            "name": "My Plus package",
            "details": [
              "Liability Insurance",
              "Property Insurance",
              "Business Income Insurance"
            ]
          },
          {
            "name": "My extra features",
            "details": [
              "Finished stock and sold property",
              "Outdoor property"
            ]
          }
        ],
        "policyLimitsLabel": "My limits",
        "policyLimitsSubLabel": "Products/Completed",
        "policyLimitsDetails": [
          {
            "label": "Ops Aggregate limit:",
            "value": "$2,000,000.00"
          },
          {
            "label": "Per Occurrence limit:",
            "value": "$2,000,000.00"
          },
          {
            "label": "Total aggregate limit:",
            "value": "$4,000,000.00"
          },
          {
            "label": "Building limit:",
            "value": "$1,500,000.00"
          },
          {
            "label": "Contents limit:",
            "value": "$500,000.00"
          }
        ],
        "editMyCoverageLabel": "Change my coverage"
      },
      {
        "status": "active",
        "policyName": "Cyber (ERM)",
        "policyType": "Policy",
        "iconName": "advert_cyber_insurance.png",
        "nonServiceCenterPolicyStatus": "No",
        "policyDetails": [
          {
            "label": "Policy number:",
            "value": "RTLNJF147823695"
          },
          {
            "label": "Duration:",
            "value": "1 year"
          },
          {
            "label": "Effective:",
            "value": "5/12/19-5/12/20"
          },
          {
            "label": "Premium:",
            "value": "$250.00 a year"
          },
          {
            "label": "Agent",
            "value": "Insureon"
          }
        ],
        "coverageDetails": [
          {
            "coverageType": "Cyber Enterprise Risk Managment",
            "coverages": [
              {
                "label": "Maximum Single Limit of Insurance",
                "value": "$2,000,00.00"
              },
              {
                "label": "Maximum Policy Aggregate Limit of Insurance",
                "value": "$2,000,00.00"
              }
            ]
          }
        ],
        "coverages": [
          {
            "name": "My Essentials package",
            "details": [
              "Incident response fund",
              "Cyber, privacy & network security",
              "Payment card loss",
              "Regulatory proceedings",
              "Business interruption",
              "Network extortion",
              "Media liability",
              "Digital data recovery"
            ]
          }
        ],
        "policyLimitsLabel": "My limits",
        "policyLimitsSubLabel": "",
        "policyLimitsDetails": [
          {
            "label": "Limit title:",
            "value": "$1,250,000.00"
          },
          {
            "label": "Limit title:",
            "value": "$625,000.00"
          },
          {
            "label": "Limit title:",
            "value": "625,000.00"
          }
        ],
        "editMyCoverageLabel": "Change my coverage"
      },
      {
        "status": "inactive",
        "policyName": "Business Owners",
        "policyType": "Premium Policy",
        "iconName": "bop_purple.svg",
        "policyDetails": [
          {
            "label": "Policy number:",
            "value": "1234567890"
          },
          {
            "label": "Duration:",
            "value": "1 year"
          },
          {
            "label": "Expired on",
            "value": "Feb 27, 2018"
          }
        ],
        "coverages": [],
        "policyLimitsLabel": "",
        "policyLimitsSubLabel": "",
        "policyLimitsDetails": [],
        "editMyCoverageLabel": ""
      },
      {
        "status": "inactive",
        "policyName": "Business Owners",
        "policyType": "Essentials Policy",
        "iconName": "bop_purple.svg",
        "policyDetails": [
          {
            "label": "Policy number:",
            "value": "0987654321"
          },
          {
            "label": "Duration:",
            "value": "1 year"
          },
          {
            "label": "Cancelled on",
            "value": "May 12, 2017"
          }
        ],
        "coverages": [],
        "policyLimitsLabel": "",
        "policyLimitsSubLabel": "",
        "policyLimitsDetails": [],
        "editMyCoverageLabel": ""
      },
      {
        "status": "inactive",
        "policyName": "Cyber (ERM)",
        "policyType": "Policy",
        "iconName": "advert_cyber_insurance.png",
        "policyDetails": [
          {
            "label": "Policy number:",
            "value": "1749204829"
          },
          {
            "label": "Duration:",
            "value": "1 year"
          },
          {
            "label": "Expired on",
            "value": "Jan 1, 2018"
          }
        ],
        "coverages": [],
        "policyLimitsLabel": "",
        "policyLimitsSubLabel": "",
        "policyLimitsDetails": [],
        "editMyCoverageLabel": ""
      }
    ],
    "oldPoliciesLabel": "My old policies",
    "youHave": "You've had ",
    "last5Years": " other policies in the last five years.",
    "viewYourDocumentsLabel": "View all your",
    "viewYourDocumentsSubLabel": "documents",
    "viewYourClaimsLabel": "View your",
    "viewYourClaimsSubLabel": "claims",
    "insuranceCoverageLabel": "Everything you need to know about your insurance coverage.",
    "aboutLabel": "All about",
    "policiesLabel": "your policies",
    "whatIsInsuranceCoverage": "What is insurance coverage?",
    "insuranceCoverageText": "Insurance coverage is the amount of risk or liability you and your business is covered for.",
    "documentsButtonLabel": "Documents",
    "viewDocumentsForPolicyLabel": "View documents",
    "viewDocumentsForPolicySubLabel": "for this policy",
    "nonServiceCenterPolicyMessage": "All your policies are shown below, but your Energy and Construction policies are managed solely by our agent.So, if you want",
    "nonServiceCenterPolicySubMessage": "  to change the coverage, view your documents or make a claim on one of these policies, you'll need to go through them, not us."
  },
  "getInTouchFooter": [
    {
      "label": "Email us",
      "value": "name@email.com"
    },
    {
      "label": "Call us",
      "value": "(123) 456 7890"
    }
  ],
  "requestConfirmation": {
    "headerTitle": "Thank",
    "headerSubTitle": "You",
    "requestSubmittedConfirmationLabel": "We'll review your request within a business day.",
    "requestResendText": "If you would like to submit another request, please",
    "requestResendLinkLabel": "click here.",
    "viewYourLabel": "View your",
    "coverageLabel": "coverage >",
    "claimLabel": "claims >"
  },
  "productDescription": {
    "productLink": "Product",
    "titleBOP": "Business Owners Policy",
    "subTitle": "Lorem ipsum dolor sit amet, consectetur adipiscing elit, sed do eiusmod tempor incididunt ut labore et dolore magna aliqua. Ut enim ad minim veniam, quis nostrud exercitation ullamco laboris n isi ut aliquip ex ea commodo consequat.",
    "generalLiabilityTab": "General Liability",
    "propertyInsuranceTab": "Property Insurance",
    "businessIncomeInsurance": "Business Income Insurance",
    "whatsGLI": "What is general liability insurance?",
    "GLIdescription": "Lorem ipsum dolor sit amet, consectetur adipiscing elit, sed do eiusmod tempor incididunt ut labore et dolore magna aliqua. Ut enim ad minim veniam, quis nostrud exercitation ullamco laboris n isi ut aliquip ex ea commodo consequat.",
    "whatsCoveredTab": "What's covered",
    "whatsNotCoveredTab": "What's not covered",
    "claimsAgainstlabel": "Defending you in Lawsuits or Claims against you",
    "claimsAgainstDescription": "Covers you if you’re sued or a claim for damages made against you for bodily injury, property damage or personal and advertising injury.",
    "courtCostsLabel": "Court Costs",
    "courtCostsDescription": "Court costs, bail bonds and bonds to appeal judgments or for your release.",
    "damagesLabel": "Damages",
    "damagesInfo": "This is money you’re required to pay to resolve a claim or suit, including interest and attorney fees.",
    "damagesDescription": "Damages you’re legally obliged to pay because of liability.",
    "damagesNotes": "Note: Doesn't include fines, penalties, taxes, sanctions, restitution or disgorgement, or punitive or exemplary damages",
    "medicalExpensesLabel": "No-fault Medical Expenses",
    "medicalExpensesInfo": "Medical expenses include first aid given at the time of the accident, medical services and ambulance, hospital, professional nursing and funeral services.",
    "medicalExpensesDescription": "Medical fees for people injured in an accident if the:",
    "accidentOnPremises": "accident happens on your premises",
    "accidentDuringPolicy": "accident happens during the policy period and in your area of coverage",
    "costReportedInYear": "costs are reported to us within a year of the accident",
    "personAgreesForExamination": "the injured person agrees to be examined by our physicians.",
    "damagedRentedPremisesLabel": "Damage to Premises Rented to you",
    "damagedRentedPremisesDescription": "Property damage to any one premises you rent or temporarily occupy with the owner’s permission."
  },
  "user-profile": {
    "cpNumber": null,
    "policyNumber": null,
    "accountId": null,
    "userName": "commclientcenter15",
    "adB2CId": "724336d3-1d00-423b-a47c-3bec15c7d643",
    "name": {
      "title": null,
      "firstName": "john",
      "middleName": null,
      "lastName": "waffle",
      "fullName": "john waffle",
      "businessKey": "2770172       "
    },
    "displayName": null,
    "contact": [
      {
        "contactType": "Email",
        "contactValue": "commclientcenter15@gmail.com",
        "businessKey": "2930677       "
      }
    ],
    "address": null,
    "jobTitle": null,
    "businessKey": "3590660       ",
    "email": "commclientcenter15@gmail.com",
    "id": "bbd270bc-f6c6-44b2-8a60-ba2890df8fde"
  }
}
