{
    "policies": [
        {
            "policyNumber": "RTLNJFC44455535",
            "policySourceSystem": "Micro",
            "policyTypeDescription": "Business Owner's Policy",
            "inceptionDate": "Feb 22 2019",
            "expirationDate": "Feb 22 2020",
            "purchaseEmail": "pearl.jain@chubb.com",
            "zipCode": "08559",
            "isWSGpolicy": "Yes",
            "sendCOI": "Yes",
            "serviceDelegation": true
        },
        {
            "policyNumber": "D18005396",
            "policySourceSystem": "SCI",
            "policyTypeDescription": "Cyber (ERM) Policy",
            "inceptionDate": "May 12 2019",
            "expirationDate": "May 12 2020",
            "purchaseEmail": "pearl.jain@chubb.com",
            "zipCode": "07302",
            "isWSGpolicy": "Yes",
            "sendCOI": "No",
            "serviceDelegation": false
        }
    ]
}