{
	"Business Owners Policy":[
		{
		  "displayValue": "Mortgagee",
		  "value": "Mortgagee",
		  "groupName": "AIType"
		},
		{
		  "displayValue": "Landlord",
		  "value": "Landlord",
		  "groupName": "AIType"
		},
		{
		  "displayValue": "Loss Payee",
		  "value": "Loss Payee",
		  "groupName": "AIType"
		},
		{
		  "displayValue": "Other",
		  "value": "Other",
		  "groupName": "AIType"
		}
	],
	"Commercial General Liability Policy":[
		{
		  "displayValue": "Mortgagee",
		  "value": "Mortgagee",
		  "groupName": "AIType"
		},
		{
		  "displayValue": "Landlord",
		  "value": "Landlord",
		  "groupName": "AIType"
		},
		{
		  "displayValue": "Loss Payee",
		  "value": "Loss Payee",
		  "groupName": "AIType"
		},
		{
		  "displayValue": "Other",
		  "value": "Other",
		  "groupName": "AIType"
		}
	],
	"Cyber ERM Policy":[
		{
		  "displayValue": "Vicarious Liability",
		  "value": "Vicarious",
		  "groupName": "AIType"
		},
		{
		  "displayValue": "Other",
		  "value": "Other",
		  "groupName": "AIType"
		}
	],
	"Miscellaneous Professional Liability Policy":[
		{
		  "displayValue": "Vicarious Liability",
		  "value": "Vicarious",
		  "groupName": "AIType"
		},
		{
		  "displayValue": "Other",
		  "value": "Other",
		  "groupName": "AIType"
		}
	],
	"Umbrella":[
		{
		  "displayValue": "Other",
		  "value": "Other",
		  "groupName": "AIType"
		}
	]
	
}