[{
	"code": "Alabama",
	"name": "AL",
	"type": "STATE"
}, {
	"code": "Alaska",
	"name": "AK",
	"type": "STATE"
}, {
	"code": "Arizona",
	"name": "AZ",
	"type": "STATE"
}, {
	"code": "Arkansas",
	"name": "AR",
	"type": "STATE"
}, {
	"code": "California",
	"name": "CA",
	"type": "STATE"
}, {
	"code": "Colorado",
	"name": "CO",
	"type": "STATE"
}, {
	"code": "Connecticut",
	"name": "CT",
	"type": "STATE"
}, {
	"code": "Delaware",
	"name": "DE",
	"type": "STATE"
}, {
	"code": "District of Columbia",
	"name": "DC",
	"type": "STATE"
}, {
	"code": "Florida",
	"name": "FL",
	"type": "STATE"
}, {
	"code": "Georgia",
	"name": "GA",
	"type": "STATE"
}, {
	"code": "Hawaii",
	"name": "HI",
	"type": "STATE"
}, {
	"code": "Idaho",
	"name": "ID",
	"type": "STATE"
}, {
	"code": "Illinois",
	"name": "IL",
	"type": "STATE"
}, {
	"code": "Indiana",
	"name": "IN",
	"type": "STATE"
}, {
	"code": "Iowa",
	"name": "IA",
	"type": "STATE"
}, {
	"code": "Kansas",
	"name": "KS",
	"type": "STATE"
}, {
	"code": "Kentucky",
	"name": "KY",
	"type": "STATE"
}, {
	"code": "Louisiana",
	"name": "LA",
	"type": "STATE"
}, {
	"code": "Maine",
	"name": "ME",
	"type": "STATE"
}, {
	"code": "Maryland",
	"name": "MD",
	"type": "STATE"
}, {
	"code": "Massachusetts",
	"name": "MA",
	"type": "STATE"
}, {
	"code": "Michigan",
	"name": "MI",
	"type": "STATE"
}, {
	"code": "Minnesota",
	"name": "MN",
	"type": "STATE"
}, {
	"code": "Mississippi",
	"name": "MS",
	"type": "STATE"
}, {
	"code": "Missouri",
	"name": "MO",
	"type": "STATE"
}, {
	"code": "Montana",
	"name": "MT",
	"type": "STATE"
}, {
	"code": "Nebraska",
	"name": "NE",
	"type": "STATE"
}, {
	"code": "Nevada",
	"name": "NV",
	"type": "STATE"
}, {
	"code": "New Hampshire",
	"name": "NH",
	"type": "STATE"
}, {
	"code": "New Jersey",
	"name": "NJ",
	"type": "STATE"
}, {
	"code": "New Mexico",
	"name": "NM",
	"type": "STATE"
}, {
	"code": "New York",
	"name": "NY",
	"type": "STATE"
}, {
	"code": "North Carolina",
	"name": "NC",
	"type": "STATE"
}, {
	"code": "North Dakota",
	"name": "ND",
	"type": "STATE"
}, {
	"code": "Ohio",
	"name": "OH",
	"type": "STATE"
}, {
	"code": "Oklahoma",
	"name": "OK",
	"type": "STATE"
}, {
	"code": "Oregon",
	"name": "OR",
	"type": "STATE"
}, {
	"code": "Pennsylvania",
	"name": "PA",
	"type": "STATE"
}, {
	"code": "Rhode Island",
	"name": "RI",
	"type": "STATE"
}, {
	"code": "South Carolina",
	"name": "SC",
	"type": "STATE"
}, {
	"code": "South Dakota",
	"name": "SD",
	"type": "STATE"
}, {
	"code": "Tennessee",
	"name": "TN",
	"type": "STATE"
}, {
	"code": "Texas",
	"name": "TX",
	"type": "STATE"
}, {
	"code": "Utah",
	"name": "UT",
	"type": "STATE"
}, {
	"code": "Vermont",
	"name": "VT",
	"type": "STATE"
}, {
	"code": "Virginia",
	"name": "VA",
	"type": "STATE"
}, {
	"code": "Washington",
	"name": "WA",
	"type": "STATE"
}, {
	"code": "West Virginia",
	"name": "WV",
	"type": "STATE"
}, {
	"code": "Wisconsin",
	"name": "WI",
	"type": "STATE"
}, {
	"code": "Wyoming",
	"name": "WY",
	"type": "STATE"
}]
