{
    "$schema": "../../../../../../studio-schema.json",
    "version": 1,
    "devMode": false,
    "common": {
        "documentTitle": "App 360",
        "locale": {
            "localeId": "en-US",
            "currency": {
                "code": "USD",
                "display": "symbol",
                "digitsInfo": "1.2-2"
            },
            "date": {
                "format": "MM/dd/yyyy"
            }
        },
        "navbar": {
            "logo": "./assets/icons/black_standard.png",
            "logoAltText": "Chubb",
            "productName": "Studio",
            "items": [{
                    "id": "home",
                    "name": "Home",
                    "routeOrFunction": "home"
                },
                {
                    "id": "quote",
                    "name": "Quote",
                    "routeOrFunction": "choose-storage"
                },
                {
                    "id": "planDetails",
                    "name": "Plan Details",
                    "routeOrFunction": "plan-details"
                },
                {
                    "id": "initalPage",
                    "name": "Initial Page",
                    "routeOrFunction": "initial-page"
                },
                {
                    "id": "loginPage",
                    "name": "Login Page",
                    "routeOrFunction": "login-page"
                },
                {
                    "id": "addressPage",
                    "name": "Address Page",
                    "routeOrFunction": "address-page"
                },
                {
                    "id": "errorPage",
                    "name": "Error Page",
                    "routeOrFunction": "error-page"
                },
                {
                    "id": "esitefPage",
                    "name": "Esitef Page",
                    "routeOrFunction": "esitef-page"
                },
                {
                    "id": "signUpPage",
                    "name": "Sign Up Page",
                    "routeOrFunction": "sign-up-page"
                }
            ]
        },
        "footer": {
            "label": "Chubb. Insured.™",
            "copyrightLabel": "© 2019 Chubb",
            "links": [{
                    "id": "terms-of-use",
                    "type": "url",
                    "routeOrUrl": "https://chubb.com/us-en/terms-of-use.aspx",
                    "label": "Terms of Use"
                },
                {
                    "id": "licensing-information",
                    "type": "url",
                    "routeOrUrl": "https://chubb.com/_Global-Assets/documents/licensinginformation.pdf",
                    "label": "Licensing Information"
                },
                {
                    "id": "privacy-policy",
                    "type": "url",
                    "routeOrUrl": "https://chubb.com/us-en/privacy.aspx",
                    "label": "Privacy Policy"
                },
                {
                    "id": "FATCA",
                    "type": "url",
                    "routeOrUrl": "https://chubb.com/us-en/u-s-foreign-account-tax-compliance-act-fatca.aspx",
                    "label": "FATCA"
                },
                {
                    "id": "NY Domestic Violence Notice",
                    "type": "url",
                    "routeOrUrl": "https://chubb.com/us-en/important-notices/ny-domestic-violence.aspx",
                    "label": "NY Domestic Violence Notice"
                },
                {
                    "id": "Producer Compensation Legal Disclosure",
                    "type": "url",
                    "routeOrUrl": "https://chubb.com/us-en/agents-brokers/producer-compensation.aspx",
                    "label": "Producer Compensation Legal Disclosure"
                }
            ]
        },
        "routes": {
            "active": [
                "home",
                "apps",
                "code-validation",
                "choose-storage",
                "plan-details",
                "page-not-found",
                "initial-page",
                "login-page",
                "esitef-page",
                "address-page",
                "person-info",
                "sign-up-page",
                "error-page",
                "thank-you",
                "error-payment",
                "quote-page"
            ],
            "pageNotFound": {}
        }
    },
    "moduleRegistry": {
        "homePageWidget": "projects/studio-widgets/src/lib/widgets/home/home.module#HomeWidgetModule",
        "addStudioAppsWidget": "projects/studio-widgets/src/lib/widgets/add-studio-apps/add-studio-apps.module#AddStudioAppsModule",
        "codeValidation": "projects/studio-widgets/src/lib/widgets/code-validation/code-validation.module#CodeValidationModule",
        "contentHeader": "projects/studio-widgets/src/lib/widgets/content-header/content-header.module#ContentHeaderModule",
        "contentNavigation": "projects/studio-widgets/src/lib/widgets/content-navigation/content-navigation.module#ContentNavigationModule",
        "chooseStorageWidget": "projects/studio-widgets/src/lib/widgets/choose-mobile-storage/choose-mobile-storage.module#ChooseMobileStorageModule",
        "helloWorldWidget": "projects/studio-widgets/src/lib/widgets/hello-world/hello-world.module#HelloWorldModule",
        "planDetailsWidget": "projects/studio-widgets/src/lib/widgets/plan-details-widget/plan-details-widget.module#PlanDetailsWidgetModule",
        "initialPageWidget": "projects/studio-widgets/src/lib/widgets/initial-page/initial-page.module#InitialPageModule",
        "loginPageWidget": "projects/studio-widgets/src/lib/widgets/login-page/login-page.module#LoginPageModule",
        "esitefPageWidget": "projects/studio-widgets/src/lib/widgets/esitef-page/esitef-page.module#EsitefPageModule",
        "addressPageWidget": "projects/studio-widgets/src/lib/widgets/address-page/address-page.module#AddressPageModule",
        "personInfoWidget": "projects/studio-widgets/src/lib/widgets/person-info-widget/person-info-widget.module#PersonInfoWidgetModule",
        "signUpPageWidget": "projects/studio-widgets/src/lib/widgets/sign-up-page/sign-up-page.module#SignUpPageModule",
        "errorPageWidget": "projects/studio-widgets/src/lib/widgets/error-page/error-page.module#ErrorPageModule",
        "thankYouWidget": "projects/studio-widgets/src/lib/widgets/thankyou-widget/thankyou-widget.module#ThankYouWidgetModule",
        "errorPaymentWidget": "projects/studio-widgets/src/lib/widgets/error-payment-widget/error-payment-widget.module#ErrorPaymentWidgetModule",
        "quotePageWidget": "projects/studio-widgets/src/lib/widgets/quote-widget/quote-widget.module#QuoteWidgetModule"
    },
    "pages": {
        "dashboard": {
            "title": "Dashboard",
            "header": {
                "greetingText": "Hey, there!",
                "welcomeText": "Welcome to Studio by Chubb Starter"
            },
            "sections": [{
                "key": "studio-apps",
                "content": [{
                    "size": 3,
                    "widget": {
                        "name": "helloWorldWidget",
                        "context": {
                            "title": "Studio Apps",
                            "noAppsText": "There are no apps loaded",
                            "icon": {
                                "url": "./assets/icons/coverage_icon.svg",
                                "position": "top-left"
                            },
                            "useState": {
                                "apps$": "apps"
                            }
                        }
                    }
                }]
            }]
        },
        "apps": {
            "title": "Apps",
            "header": {
                "title": {
                    "content": "Add"
                },
                "subTitle": {
                    "content": "Studio Apps",
                    "styles": {
                        "color": "#FFB617"
                    }
                },
                "styles": {
                    "background": "url('./assets/images/shadow_human.png') no-repeat center top #FFF",
                    "background-size": "cover"
                }
            },
            "sections": [{
                "key": "add-studio-apps",
                "content": [{
                        "size": 12,
                        "widget": {
                            "name": "helloWorldWidget",
                            "context": {
                                "title": "Studio Apps",
                                "noAppsText": "There are no apps loaded",
                                "icon": {
                                    "url": "./assets/icons/coverage_icon.svg",
                                    "position": "top-left"
                                },
                                "useState": {
                                    "apps$": "apps"
                                }
                            }
                        }
                    },
                    {
                        "size": 12,
                        "widget": {
                            "name": "addStudioAppsWidget",
                            "context": {
                                "title": "Studio Apps",
                                "noAppsText": "There are no apps loaded",
                                "icon": {
                                    "url": "./assets/icons/coverage_icon.svg",
                                    "position": "top-left"
                                },
                                "useState": {
                                    "apps$": "apps"
                                },
                                "output": null
                            }
                        }
                    }
                ]
            }]
        },
        "home": {
            "title": "Home Page Widget",
            "sections": [{
                "key": "home",
                "content": [{
                    "size": 12,
                    "widget": {
                        "name": "homePageWidget",
                        "context": {
                            "headerTitle": "Seguro Hogar Vacaciones",
                            "heroSubheader": "Disfruta tranquilo de tus vacaciones con esta protección",
                            "contentSubheader": "Es un Seguro de Hogar que cubre el contenido en caso de robo, incendio y sismo, durante la vigencia de tu viaje.",
                            "title": "Home Page",
                            "homeForm": {
                                "compraBtn": {
                                    "text": "Compra",
                                    "nextWidget": "quote-page"
                                }
                            },
                            "ribbon": {
                                "title": "¿Viajas fuera de Chile?",
                                "description": "No olvides contratar tu Seguro de Viaje en bancochile.cl para que además te asegures ante imprevistos médicos en tu viaje o pérdidas de maleta."
                            },
                            "insurancePhones": {
                                "title": "¿Cómo hacer uso de tu seguro?",
                                "asistence": "Para uso de asistencias",
                                "asistencePhone": "Xxxxxxxxx",
                                "sinister": "Para siniestro",
                                "sinisterPhone": "800 210 023"
                            },
                            "coverages": [{
                                    "logoClass": "incendio",
                                    "title": "Incendio y sismo",
                                    "description": "Cobertura de incendio y sismo, con dos planes de UF 200 y UF 500. Límite único y combinado"
                                },
                                {
                                    "logoClass": "robo",
                                    "title": "Robo y rotura de cristales",
                                    "description": "Cobertura de robo, con dos planes UF 200 y UF 500 y Rotura de cristales hasta UF 5"
                                },
                                {
                                    "logoClass": "asistencias",
                                    "title": "Asistencias",
                                    "description": "Asistencias, como Hotel de Mascotas, Cerrajería por siniestro, Seguridad del domicilio por robo, entre otras"
                                },
                                {
                                    "logoClass": "responsabilidad-civil",
                                    "title": "Responsabilidad Civil",
                                    "description": "Cobertura de responsabilidad civil de hasta UF 200 en ambos planes. <br> Indemnizará al asegurado con el monto único y combinado por los daños y perjuicios causados a terceros, de los cuales sea civilmente responsable el asegurado"
                                }
                            ],
                            "requirements": [{
                                    "logoClass": "hogar-sismo",
                                    "title": "Requisitos de Asegurabilidad para Incendio y Sismo",
                                    "description": " Que la vivienda asegurada sea de uso exclusivamente habitacional.  <br> Que la vivienda asegurada se encuentre ubicada en zona urbana.  <br> Que la vivienda asegurada sea de construcción sólida o mixta, adobe y adobillo no es considerado construcción sólida o mixta.  <br>Que la antigüedad de la vivienda no supere los 50 años."
                                },
                                {
                                    "logoClass": "hogar-robo",
                                    "title": "Requisitos de Asegurabilidad para Robo",
                                    "description": "Para obtener la cobertura de robo con fuerza en las cosas y violencia en las personas, la vivienda asegurada debe reunir al menos una de las siguientes condiciones: ",
                                    "list": [
                                        { "text": "Chapa de seguridad en todas las puertas que den al exterior y rejas de protección en todas las ventanas del primer piso." },
                                        { "text": "Alarma conectada a central de vigilancia, o carabineros o teléfono del propietario" },
                                        { "text": "Guardia permanente las 24 horas del día para casas en condominio." }

                                    ]
                                },
                                {
                                    "logoClass": "proteccion-personal",
                                    "title": "Otros Requisitos de Asegurabilidad",
                                    "description": "Edad mínima de ingreso: 18 años.  <br> Edad máxima de ingreso y permanencia: 99 años y 364 días."
                                },
                                {
                                    "logoClass": "vida-muerte",
                                    "title": "Exclusiones",
                                    "description": "",
                                    "list": [
                                        { "text": "Aquellos bienes cuyo valor excede el de los materiales que los componen, tales como medallas, cuadros, estatuas, joyas y pieles, colecciones de cualquiera naturaleza y, en general objetos muebles que tengan especial valor artístico, científico o histórico." },
                                        { "text": "Vehículos terrestres, marítimos y aéreos, motorizados o no." },
                                        { "text": "Excluye daños provocados a la estructura de la vivienda asegurada." }
                                    ],
                                    "footerDescription": "Sin perjuicio de las demás detalladas en las condiciones generales de la póliza."

                                }
                            ],
                            "output": null
                        }
                    }
                }]
            }]
        },
        "quotePage": {
            "title": "Quote Page Widget",
            "sections": [{
                "key": "quotePage",
                "content": [{
                    "size": 12,
                    "widget": {
                        "name": "quotePageWidget",
                        "context": {
                            "headerTitle": "Hola",
                            "output": null
                        }
                    }
                }]
            }]
        },
        "initialPage": {
            "title": "Initial Page",
            "sections": [{
                "key": "initial-page",
                "content": [{
                    "size": 12,
                    "widget": {
                        "name": "initialPageWidget",
                        "context": {
                            "logo": "./assets/svg/logo_white.svg",
                            "title": "widget welcome",
                            "backgroundImages": [{

                                    "url": "./assets/images/image1.png",
                                    "text": "Protege tu celular al mejor precio sin complicaciones"
                                },
                                {

                                    "url": "./assets/images/image2.png",
                                    "text": "¡Es muy fácil! Calcula el costo y contrata en minutos"
                                },
                                {

                                    "url": "./assets/images/image3.png",
                                    "text": "El mejor seguro para tu celular completamente adaptado a ti"
                                }
                            ],
                            "min_price": "Desde $23/mes",
                            "leftButton": "Iniciar Sesión",
                            "beginRoute": "code-validation",
                            "rightButton": "Comenzar",
                            "logInRoute": "login-page",
                            "useState": {
                                "initialPage$": "initialPage"
                            },
                            "output": null
                        }
                    }
                }]
            }]
        },
        "loginPage": {
            "title": "Login Page",
            "sections": [{
                "key": "login-page",
                "content": [{
                    "size": 12,
                    "widget": {
                        "name": "loginPageWidget",
                        "context": {
                            "title": "widget login",
                            "FormFields": {
                                "email": {
                                    "placeHolder": "Email",
                                    "requiredText": "Email requerido",
                                    "invalidText": "Formato de email incorrecto"
                                },
                                "pass": {
                                    "placeHolder": "Contraseña",
                                    "requiredText": "Contraseña requerida",
                                    "invalidText": "Formato de contraseña incorrecto"
                                },
                                "button": {
                                    "buttonText": "Iniciar Sesión"
                                },
                                "forgotPass": {
                                    "text": "Olvide mi contraseña"
                                },
                                "begin": {
                                    "text": "Nuevo usuario?",
                                    "textLink": "Comienza Aquí",
                                    "nextWidget": "code-validation"
                                }
                            },
                            "button_text": "Iniciar Sesión",
                            "welcome_text": "Bienvenido",
                            "previous_widget": "initial-page",

                            "back_arrow_svg": "./assets/svg/custom-arrow-back.svg",
                            "output": null
                        }
                    }
                }]
            }]
        },
        "addressPage": {
            "title": "Address Page",
            "sections": [{
                "key": "address-page",
                "content": [{
                    "size": 12,
                    "widget": {
                        "name": "addressPageWidget",
                        "context": {
                            "title": "Completa la siguiente información",
                            "subtitle": "Comparte tus datos personales",
                            "FormFields": {
                                "cpf": {
                                    "placeHolder": "CPF",
                                    "invalidText": "CPF invalido"
                                },
                                "cep": {
                                    "placeHolder": "CEP",
                                    "requiredText": "CEP requerido"
                                },
                                "number": {
                                    "placeHolder": "Número",
                                    "requiredText": "Número requerido"
                                },
                                "complement": {
                                    "placeHolder": "Complemento"
                                },
                                "button": {
                                    "buttonText": "Proteger por $23.00 / Mes"
                                }
                            },
                            "button_text": "Iniciar Sesión",
                            "welcome_text": "Bienvenido",
                            "previous_widget": "person-info",
                            "next_widget": "esitef-page",
                            "back_arrow_svg": "./assets/svg/custom-arrow-back.svg",
                            "useState": {
                                "planSelected$": "plan",
                                "policy$": "policy"
                            },
                            "output": null
                        }
                    }
                }]
            }]
        },
        "errorPage": {
            "title": "Error Page",
            "sections": [{
                "key": "error-page",
                "content": [{
                    "size": 12,
                    "widget": {
                        "name": "errorPageWidget",
                        "context": {
                            "errorList": [{
                                    "title": "¡Lo sentimos!",
                                    "code": "001",
                                    "errorSvg": "./assets/svg/happiness.svg",
                                    "errorTryLater": "No pudimos obtener el imei <br/> de su teléfono.",
                                    "buttonText": "Intentar de nuevo",
                                    "nextWidget": "initial-page"
                                },
                                {
                                    "title": "¡Lo sentimos!",
                                    "code": "002",
                                    "errorSvg": "./assets/svg/happiness.svg",
                                    "errorTryLater": "El imei de su teléfono <br/>  no esta registrado ",
                                    "buttonText": "Iniciar de nuevo",
                                    "nextWidget": "initial-page"
                                },
                                {
                                    "title": "¡Lo sentimos!",
                                    "code": "003",
                                    "errorSvg": "./assets/svg/happiness.svg",
                                    "errorTryLater": "Estamos teniendo problemas técnicos <br/> por favor intentelo mas tarde.",
                                    "buttonText": "Intentar de nuevo",
                                    "nextWidget": "initial-page"
                                },
                                {
                                    "title": "¡Lo sentimos!",
                                    "code": "004",
                                    "errorSvg": "./assets/svg/happiness.svg",
                                    "errorTryLater": "No tenemos una cotización para<br/> el storage de su dispositivo.",
                                    "buttonText": "Intentar de nuevo",
                                    "nextWidget": "initial-page"
                                }
                            ],
                            "title": "¡Lo sentimos!",
                            "errorSvg": "./assets/svg/happiness.svg",
                            "errorTryLater": "Te recomendamos que lo intentes <br/> nuevamente más tarde.",
                            "buttonText": "Intentar de nuevo",
                            "nextWidget": "initial-page",
                            "useState": {
                                "error$": "error"
                            },
                            "output": null
                        }
                    }
                }]
            }]

        },
        "chooseStorage": {
            "title": "Choose Storage",
            "sections": [{
                "key": "choose-storage",
                "content": [{
                    "size": 12,
                    "widget": {
                        "name": "chooseStorageWidget",
                        "context": {
                            "title": "Selecciona la <br/> capacidad de tu móvil",
                            "phone_image": "./assets/images/mobile2-img-2x.png",

                            "back_arrow_svg": "./assets/svg/custom-arrow-back.svg",
                            "previous_widget": "code-validation",
                            "error_widget": "error-page",
                            "useState": {
                                "quote$": "quote"
                            },
                            "output": null
                        }
                    }
                }]
            }]
        },
        "planDetails": {
            "title": "Plan details",
            "sections": [{
                "key": "plan-details",
                "content": [{
                    "size": 12,
                    "widget": {
                        "name": "planDetailsWidget",
                        "context": {
                            "title": "¡Ya casi! a dos pasos de asegurar tu celular",
                            "beneficie_header": "Beneficios y coberturas",
                            "phone_image": "assets/images/mobile-img-2x.png",
                            "terms": "Ver terminos y condiciones",
                            "price_header": "Por tan solo",
                            "payment_frequency": "Mensuales",

                            "back_arrow_svg": "./assets/svg/custom-arrow-back.svg",
                            "previous_widget": "choose-storage",
                            "next_widget": "person-info",
                            "coverage_icons": [{
                                    "name": "Robo de Bolso/Mochila",
                                    "icon": "./assets/svg/backpack-icon.svg"
                                },
                                {
                                    "name": "Robo con Violencia",

                                    "icon": "./assets/svg/stole-icon.svg"
                                },
                                {
                                    "name": "Daño Parcial o Total",

                                    "icon": "./assets/svg/broken-icon.svg"
                                },
                                {
                                    "name": "Robo de Efectivo ATM/Ventanilla",

                                    "icon": "./assets/svg/atm-icon.svg"
                                },
                                {
                                    "name": "Protección de información",

                                    "icon": "./assets/svg/generic-icon.svg"
                                }
                            ],
                            "useState": {
                                "storageSelected$": "storage",
                                "planSelected$": "plan"
                            },
                            "output": null
                        }
                    }
                }]
            }]
        },
        "esitefPage": {
            "title": "esitef Page",
            "sections": [{
                "key": "esitef-page",
                "content": [{
                    "size": 12,
                    "widget": {
                        "name": "esitefPageWidget",
                        "context": {
                            "title": "Eitef",
                            "back_arrow_svg": "./assets/svg/custom-arrow-back.svg",
                            "previous_widget": "sign-up-page",
                            "loadingMsg": "Estamos procesando su solicitud",
                            "covers_details": {
                                "coverages_show": "Ver Detalle",
                                "coverages_hide": "Ocultar Detalle",
                                "email_header": "Email",
                                "device_header": "Dispositivo(Modelo/ capacidad)",
                                "cost_header": "Costo",
                                "payment_frequency": "Mensuales",
                                "deductible": "Deducible"
                            },
                            "detalle_header": "Detalle de tu seguro",
                            "link_detalle_text": "Ver Detalle",
                            "frequency": "Seguro mensual",
                            "header_text": "Contrata al mejor precio",
                            "coverage_icons": [{
                                    "name": "Robo de Bolso/Mochila",
                                    "icon": "./assets/svg/backpack-icon.svg"
                                },
                                {
                                    "name": "Robo con Violencia",
                                    "icon": "./assets/svg/stole-icon.svg"
                                },
                                {
                                    "name": "Daño Parcial o Total",
                                    "icon": "./assets/svg/broken-icon.svg"
                                },
                                {
                                    "name": "Robo de Efectivo ATM/Ventanilla",
                                    "icon": "./assets/svg/atm-icon.svg"
                                },
                                {
                                    "name": "Protección de información",
                                    "icon": "./assets/svg/generic-icon.svg"
                                }
                            ],
                            "useState": {
                                "error$": "error",
                                "planSelected$": "plan",
                                "policy$": "policy"
                            },
                            "output": null
                        }
                    }
                }]
            }]
        },
        "codeValidation": {
            "title": "Code Validation",
            "sections": [{
                "key": "code-validation",
                "content": [{
                    "size": 12,
                    "widget": {
                        "name": "codeValidation",
                        "context": {
                            "title": "¡Vamos a comenzar!",
                            "labelCode": "Código de validación",
                            "labelImei": "IMEI de tu móvil",
                            "code_field_errors": {
                                "required_error_text": "Código requerido",
                                "invalid_error_text": "Código invalido"
                            },
                            "imei_field_errors": {
                                "required_error_text": "El IMEI del teléfono es requerido",
                                "invalid_error_text": "Código IMEI no valido. El código IMEI debe ser de 15 caracteres"
                            },
                            "popover_text": "Ingrese el código que ha recibido en su invitación a la aplicación",
                            "quote_button_text": "Cotizar",
                            "previous_widget": "initial-page",

                            "back_arrow_svg": "./assets/svg/custom-arrow-back.svg",
                            "imei_steps": [{

                                    "step": "Ve a Configuración > General > Información."
                                },
                                {

                                    "step": "Busca el número de serie de tu dispositivo. Es posible que debas desplazarte hacia abajo para encontrar el IMEI/MEID y el ICCID."
                                },
                                {

                                    "step": "Mantén presionado el número para copiarlo."
                                },
                                {

                                    "step": "Mantén presionado el número para pegarlo en al campo IMEI de tu móvil."
                                }
                            ],
                            "useState": {
                                "auth$": "auth",
                                "phoneDetails$": "phoneDetails"
                            },
                            "output": null
                        }
                    }
                }]
            }]
        },
        "personInfo": {
            "title": "Person Info",
            "sections": [{
                "key": "person-info",
                "content": [{
                    "size": 12,
                    "widget": {
                        "name": "personInfoWidget",
                        "context": {
                            "title": "Ingreso datos del contratante",
                            "subtitle": "",
                            "rutFieldErrorText" : "El valor RUT es requerido",
                            "nameFieldErrorText": "El nombre es requerido",
                            "firstNameFieldErrorText": "El apellido paterno es requerido",
                            "phoneFiledErrorText": "El teléfono es requerido",
                            "emailFieldErrors": {
                                "requiredErrorText": "El email es requerido",
                                "matchErrorText": "El correo electronico debe ser el mismo",
                                "emailAlreadyExistError": "El correo electronico ya existe en nuestra base de datos"
                            },
                            "dateOfBirthErrorText": "El campo de fecha es requerido",
                            "back_arrow_svg": "./assets/svg/custom-arrow-back.svg",
                            "previousWidget": "plan-details",
                            "nextWidget": "address-page",
                            "useState": {
                                "policy$": "policy",
                                "selectedPlan$": "plan",
                                "phoneDetails$": "phoneDetails"
                            },
                            "output": null
                        }
                    }
                }]
            }]
        },
        "signUpPage": {
            "title": "Sign Up Page",
            "sections": [{
                "key": "sign-up-page",
                "content": [{
                    "size": 12,
                    "widget": {
                        "name": "signUpPageWidget",
                        "context": {
                            "title": "Necesitamos que te registres.",
                            "FormFields": {
                                "pass": {
                                    "placeHolder": "Contraseña",
                                    "requiredText": "Contraseña requerida",
                                    "invalidText": "Formato de contraseña incorrecto",
                                    "passHint": {
                                        "header": "Password debe:",
                                        "number": "Contener al menos un numero",
                                        "upperCase": " Contener al menos una mayuscula",
                                        "length": "Contener al menos 8 caracteres",
                                        "special": "Contener al menos un caracter especial"
                                    }
                                },
                                "repass": {
                                    "placeHolder": "Re-Contraseña",
                                    "requiredText": "Re-Contraseña requerida",
                                    "invalidText": "Formato de contraseña incorrecto",
                                    "passwordNoMatch": "Las contraseñas no coinciden"
                                },
                                "button": {
                                    "buttonText": "Iniciar Sesión"
                                }
                            },
                            "button_text": "Iniciar Sesión",
                            "welcome_text": "Bienvenido",
                            "previous_widget": "address-page",
                            "next_widget": "esitef-page",
                            "back_arrow_svg": "./assets/svg/custom-arrow-back.svg",
                            "useState": {
                                "storageSelected$": "storage",
                                "planSelected$": "plan",
                                "policy$": "policy"
                            },
                            "output": null
                        }
                    }
                }]
            }]
        },
        "errorPayment": {
            "title": "Error Payment Page",
            "sections": [{
                "key": "error-payment",
                "content": [{
                    "size": 12,
                    "widget": {
                        "name": "errorPaymentWidget",
                        "context": {
                            "title": "Error de Contratación",
                            "subtitle": "No has contratado el seguro de Hogar Vacaciones, vuelve a intentarlo",
                            "backBtnText": "Volver",
                            "output": null
                        }
                    }
                }]
            }]
        },
        "thankYouPage": {
            "title": "Thank you Page",
            "sections": [{
                "key": "thank-you",
                "content": [{
                    "size": 12,
                    "widget": {
                        "name": "thankYouWidget",
                        "context": {
                            "title": "¡Felicitaciones!",
                            "subtitle": "Has contratado el seguro de Hogar Vacaciones.",
                            "sendEmailText": "Al email ingresado te llegará tu póliza con las condiciones contratadas.",
                            "thankYouHero": {
                                "heroTitle": "Seguro de Viaje",
                                "heroText": "Si aún no has contratado tu Seguro de Viaje para tus vacaciones, contrata con exclusivos beneficios",
                                "heroBtn": "Contratar",
                                "heroBtnLink": "https://ww3.bancochile.cl/wps/wcm/connect/personas/portal/productos-y-servicios/seguros/viaje/seguro-viaje-total"
                            },
                            "output": null
                        }
                    }
                }]
            }]
        },
        "csr": {}
    },
    "httpHeaders": {}
}