{
  "definitions": {
    "analyticsEvent": {
      "type": "object",
      "$id": "#analyticsEvent",
      "properties": {
        "name": {
          "type": "string"
        },
        "category": {
          "type": "string"
        },
        "action": {
          "type": "string"
        },
        "label": {
          "type": "string"
        }
      }
    },
    "navigationLink": {
      "type": "object",
      "$id": "#navigationLink",
      "properties": {
        "text": {
          "type": "string"
        },
        "route": {
          "type": "string"
        },
        "analyticsEvent": {
          "$ref": "#analyticsEvent"
        }
      }
    },
    "cardIcon": {
      "type": "object",
      "$id": "#cardIcon",
      "properties": {
        "url": {
          "type": "string"
        },
        "position": {
          "type": "string",
          "enum": [
            "top-left",
            "top-right",
            "right-top",
            "right-bottom",
            "bottom-right",
            "bottom-left",
            "left-bottom",
            "left-top"
          ]
        }
      },
      "required": [
        "url"
      ]
    },
    "widget": {
      "type": "object",
      "$id": "#widget",
      "properties": {
        "name": {
          "type": "string"
        },
        "context": {
          "type": "object",
          "examples": [
            "`cois` type",
            "`contentHeader` type",
            "`ourProducts` type"
          ]
        }
      },
      "required": [
        "name"
      ]
    },
    "sectionContent": {
      "type": "object",
      "$id": "#sectionContent",
      "properties": {
        "size": {
          "type": "integer",
          "enum": [
            3,
            6,
            9,
            12
          ]
        },
        "widget": {
          "$ref": "#widget"
        }
      },
      "required": [
        "widget",
        "size"
      ]
    },
    "section": {
      "type": "object",
      "$id": "#section",
      "properties": {
        "key": {
          "type": "string",
          "$comment": "Unique key within a page"
        },
        "content": {
          "type": "array",
          "items": {
            "$ref": "#sectionContent"
          }
        },
        "styles": {
          "$ref": "#styles"
        }
      },
      "required": [
        "key",
        "content"
      ]
    },
    "cois": {
      "type": "object",
      "$id": "#cois",
      "properties": {
        "header": {
          "type": "string"
        },
        "subHeader": {
          "type": "string"
        },
        "icon": {
          "$ref": "#cardIcon"
        }
      },
      "required": [
        "header"
      ]
    },
    "contentHeader": {
      "type": "object",
      "$id": "#contentHeader",
      "properties": {
        "styles": {
          "$ref": "#styles"
        },
        "title": {
          "$ref": "#content"
        },
        "subTitle": {
          "$ref": "#content"
        },
        "description": {
          "$ref": "#content"
        },
        "links": {
          "type": "array",
          "items": {
            "$ref": "#content"
          }
        }
      }
    },
    "content": {
      "type": "object",
      "$id": "#content",
      "properties": {
        "content": {
          "type": [
            "string",
            "object",
            "array"
          ]
        },
        "styles": {
          "$ref": "#styles"
        }
      }
    },
    "styles": {
      "type": "object",
      "$id": "#styles",
      "$comment": "Object compatible with `ngStyles` directive and have type `[key: string]: string;`"
    },
    "claimsStep": {
      "type": "object",
      "$id": "#claimsStep",
      "properties": {
        "name": {
          "type": "string"
        },
        "title": {
          "type": "string"
        },
        "icon": {
          "type": "string"
        },
        "associatedUrl": {
          "type": "string"
        },
        "showLine": {
          "type": "boolean"
        },
        "associatedStep": {
          "type": "integer"
        },
        "isTouched": {
          "type": "boolean"
        },
        "isCurrentSteps": {
          "type": "boolean"
        }
      }
    },
    "claimsText": {
      "type": "object",
      "$id": "#claimsText",
      "required": [
        "description"
      ],
      "properties": {
        "title": {
          "type": "string"
        },
        "description": {
          "type": "string"
        }
      }
    },
    "api": {
      "type": "object",
      "$id": "#api",
      "required": [
        "apiUrl",
        "key"
      ],
      "properties": {
        "apiUrl": {
          "type": "string"
        },
        "key": {
          "type": "string"
        }
      }
    },
    "reviewQuestionGroup": {
      "type": "object",
      "$id": "#reviewQuestionGroup",
      "required": [
        "title",
        "questions"
      ],
      "properties": {
        "title": {
          "type": "string"
        },
        "description": {
          "type": "string"
        },
        "questions": {
          "type": "array",
          "items": {
            "$ref": "#reviewQuestion"
          }
        }
      }
    },
    "reviewQuestion": {
      "type": "object",
      "$id": "#reviewQuestion",
      "required": [
        "key",
        "title",
        "isDisplay"
      ],
      "properties": {
        "key": {
          "type": "string"
        },
        "title": {
          "type": "string"
        },
        "isDisplay": {
          "type": "boolean"
        }
      }
    }
  },
  "$schema": "http://json-schema.org/draft-07/schema#",
  "$id": "http://example.com/root.json",
  "type": "object",
  "title": "The Root Schema",
  "required": [
    "pages"
  ],
  "properties": {
    "common": {
      "$id": "#/properties/common",
      "type": "object",
      "title": "The Common Schema",
      "required": [
        "navbar",
        "footer"
      ],
      "properties": {
        "navbar": {
          "$id": "#/properties/common/properties/navbar",
          "type": "object",
          "title": "The Navbar Schema",
          "required": [
            "logo",
            "productName"
          ],
          "properties": {
            "logo": {
              "$id": "#/properties/common/properties/navbar/properties/logo",
              "type": "string",
              "title": "The Logo Schema",
              "default": "",
              "examples": [
                "https://foo.bar"
              ],
              "pattern": "^(.*)$"
            },
            "productName": {
              "$id": "#/properties/common/properties/navbar/properties/productName",
              "type": "string",
              "title": "The Productname Schema",
              "default": "",
              "examples": [
                "Foo Bar"
              ],
              "pattern": "^(.*)$"
            }
          }
        },
        "footer": {
          "type": "object",
          "title": "CRUX Footer Schema",
          "properties": {
            "label": {
              "type": "string"
            },
            "copyrightLabel": {
              "type": "string"
            },
            "buttons": {
              "type": "array",
              "items": {
                "required": [
                  "id",
                  "label"
                ],
                "properties": {
                  "id": {
                    "type": "string"
                  },
                  "label": {
                    "type": "string"
                  },
                  "iconName": {
                    "type": "string"
                  },
                  "iconPath": {
                    "type": "string"
                  }
                }
              }
            },
            "links": {
              "type": "array",
              "items": {
                "required": [
                  "type",
                  "id",
                  "label",
                  "routeOrUrl"
                ],
                "properties": {
                  "id": {
                    "type": "string"
                  },
                  "type": {
                    "type": "string"
                  },
                  "target": {
                    "type": "string"
                  },
                  "routeOrUrl": {
                    "type": "string"
                  },
                  "label": {
                    "type": "string"
                  }
                }
              }
            },
            "socialLinks": {
              "type": "array",
              "items": {
                "required": [
                  "href",
                  "imgAlt",
                  "imgSrc"
                ],
                "properties": {
                  "href": {
                    "type": "string"
                  },
                  "imgAlt": {
                    "type": "string"
                  },
                  "imgSrc": {
                    "type": "string"
                  }
                }
              }
            },
            "copyrightText": {
              "type": "string"
            }
          }
        }
      }
    },
    "moduleRegistry": {
      "$id": "#/properties/moduleRegistry",
      "type": "object",
      "title": "The Moduleregistry Schema",
      "properties": {}
    },
    "pages": {
      "$id": "#/properties/pages",
      "type": "object",
      "title": "The Pages Schema",
      "required": [
        "dashboard",
        "csr"
      ],
      "properties": {
        "dashboard": {
          "$id": "#/properties/pages/properties/dashboard",
          "type": "object",
          "title": "The Dashboard Schema",
          "required": [
            "title",
            "header",
            "sections"
          ],
          "properties": {
            "title": {
              "$id": "#/properties/pages/properties/dashboard/properties/title",
              "type": "string",
              "title": "The Title Schema",
              "default": "",
              "examples": [
                "string"
              ],
              "pattern": "^(.*)$"
            },
            "header": {
              "$id": "#/properties/pages/properties/dashboard/properties/header",
              "type": "object",
              "title": "The Header Schema",
              "required": [
                "greetingText",
                "subheader",
                "welcomeText"
              ],
              "properties": {
                "greetingText": {
                  "$id": "#/properties/pages/properties/dashboard/properties/config/properties/greetingText",
                  "type": "string",
                  "title": "The greetingText Schema",
                  "default": "",
                  "examples": [
                    "Hi"
                  ],
                  "pattern": "^(.*)$"
                },
                "subheader": {
                  "$id": "#/properties/pages/properties/dashboard/properties/config/properties/subheader",
                  "type": "string",
                  "title": "The subheader Schema",
                  "default": "",
                  "examples": [
                    "you are Chubb Insured."
                  ],
                  "pattern": "^(.*)$"
                },
                "welcomeText": {
                  "$id": "#/properties/pages/properties/dashboard/properties/config/properties/welcomeText",
                  "type": "string",
                  "title": "The welcomeText Schema",
                  "default": "",
                  "examples": [
                    "Welcome to the Chubb Commercial Client Center."
                  ],
                  "pattern": "^(.*)$"
                },
                "noPoliciesText": {
                  "$id": "#/properties/pages/properties/dashboard/properties/config/properties/noPoliciesText",
                  "type": "string",
                  "title": "The noPoliciesText Schema",
                  "default": "",
                  "examples": [
                    "You do not have any policies"
                  ],
                  "pattern": "^(.*)$"
                },
                "onePolicyText": {
                  "$id": "#/properties/pages/properties/dashboard/properties/config/properties/onePolicyText",
                  "type": "string",
                  "title": "The onePolicyText Schema",
                  "default": "",
                  "examples": [
                    "You have purchased our"
                  ],
                  "pattern": "^(.*)$"
                },
                "multiplePoliciesText": {
                  "$id": "#/properties/pages/properties/dashboard/properties/config/properties/multiplePoliciesText",
                  "type": "string",
                  "title": "The multiplePoliciesText Schema",
                  "default": "",
                  "examples": [
                    "Your insurance coverage is tailored to your business needs."
                  ],
                  "pattern": "^(.*)$"
                },
                "navigationLink": {
                  "$ref": "#navigationLink"
                }
              }
            },
            "sections": {
              "type": "array",
              "items": {
                "$ref": "#section"
              }
            }
          }
        },
        "csr": {
          "$id": "#/properties/pages/properties/csr",
          "type": "object",
          "title": "The CSR Dashboard Schema",
          "required": [
            "header"
          ],
          "properties": {
            "header": {
              "$id": "#/properties/pages/properties/csr/properties/header",
              "type": "object",
              "title": "The Header Schema",
              "required": [
                "csrHeaderText",
                "dashboardHeaderText",
                "greeting",
                "welcomeText",
                "loginCTA"
              ],
              "properties": {
                "csrHeaderText": {
                  "$id": "#/properties/pages/properties/csr/properties/config/properties/csrHeaderText",
                  "type": "string",
                  "title": "The CSR header text Schema",
                  "default": "",
                  "examples": [
                    "CSR"
                  ],
                  "pattern": "^(.*)$"
                },
                "dashboardHeaderText": {
                  "$id": "#/properties/pages/properties/csr/properties/config/properties/dashboardHeaderText",
                  "type": "string",
                  "title": "The dashboard header text Schema",
                  "default": "",
                  "examples": [
                    "dashboard"
                  ],
                  "pattern": "^(.*)$"
                },
                "greeting": {
                  "$id": "#/properties/pages/properties/csr/properties/config/properties/greeting",
                  "type": "string",
                  "title": "The greeting Schema",
                  "default": "",
                  "examples": [
                    "Hi"
                  ],
                  "pattern": "^(.*)$"
                },
                "welcomeText": {
                  "$id": "#/properties/pages/properties/csr/properties/config/properties/welcomeText",
                  "type": "string",
                  "title": "",
                  "default": "",
                  "examples": [
                    "Welcome to the CSR dashboard"
                  ],
                  "pattern": "^(.*)$"
                },
                "loginCTA": {
                  "$id": "#/properties/pages/properties/csr/properties/config/properties/loginCTA",
                  "type": "string",
                  "title": "The login CTA Schema",
                  "default": "",
                  "examples": [
                    "Back to Client Portal"
                  ],
                  "pattern": "^(.*)$"
                }
              }
            }
          }
        },
        "claims": {
          "type": "object",
          "title": "Claims Pages Schema",
          "required": [
            "reportClaim",
            "startNewClaim",
            "progressBar",
            "reviewYourClaim",
            "submitClaim"
          ],
          "properties": {
            "reportClaim": {
              "type": "object",
              "title": "Report claimClaims Page Schema",
              "properties": {
                "title": {
                  "type": "string",
                  "title": "The Title Schema",
                  "default": "",
                  "examples": [
                    "string"
                  ],
                  "pattern": "^(.*)$"
                },
                "header": {
                  "$ref": "#contentHeader"
                },
                "sections": {
                  "type": "array",
                  "items": {
                    "$ref": "#section"
                  }
                }
              }
            },
            "startNewClaim": {
              "type": "object",
              "title": "Start New Claim Page Schema",
              "required": [
                "apis"
              ],
              "properties": {
                "title": {
                  "type": "string",
                  "title": "The Title Schema",
                  "default": "",
                  "examples": [
                    "string"
                  ],
                  "pattern": "^(.*)$"
                },
                "header": {
                  "$ref": "#contentHeader"
                },
                "sections": {
                  "type": "array",
                  "items": {
                    "$ref": "#section"
                  }
                },
                "apis": {
                  "type": "object",
                  "required": [
                    "policySearch",
                    "zipCodeSearch"
                  ],
                  "properties": {
                    "policySearch": {
                      "$ref": "#api"
                    },
                    "zipCodeSearch": {
                      "$ref": "#api"
                    }
                  }
                }
              }
            },
            "reviewYourClaim": {
              "type": "object",
              "title": "Review Your Claim Page Schema",
              "properties": {
                "title": {
                  "type": "string",
                  "title": "The Title Schema",
                  "default": "",
                  "examples": [
                    "string"
                  ],
                  "pattern": "^(.*)$"
                },
                "header": {
                  "$ref": "#contentHeader"
                },
                "sections": {
                  "type": "array",
                  "items": {
                    "$ref": "#section"
                  }
                },
                "reviewClaim": {
                  "type": "object",
                  "required": [
                    "reviewQuestionsGroups",
                    "submitButton",
                    "edit",
                    "checkedIcon",
                    "fraudCheckboxText",
                    "fraudDescription",
                    "documentsHeader"
                  ],
                  "properties": {
                    "reviewQuestionsGroups": {
                      "type": "array",
                      "items": {
                        "$ref": "#reviewQuestionGroup"
                      }
                    },
                    "submitButton": {
                      "type": "object",
                      "required": [
                        "text"
                      ],
                      "properties": {
                        "text": {
                          "type": "string"
                        }
                      }
                    },
                    "edit": {
                      "type": "object",
                      "required": [
                        "text"
                      ],
                      "properties": {
                        "icon": {
                          "type": "string"
                        },
                        "text": {
                          "type": "string"
                        }
                      }
                    },
                    "checkedIcon": {
                      "type": "string"
                    },
                    "fraudCheckboxText": {
                      "type": "string"
                    },
                    "fraudDescription": {
                      "type": "string"
                    },
                    "documentsHeader": {
                      "type": "string"
                    }
                  }
                }
              }
            },
            "submitClaim": {
              "type": "object",
              "title": "Submit Claim Page Schema",
              "properties": {
                "title": {
                  "type": "string",
                  "title": "The Title Schema",
                  "default": "",
                  "examples": [
                    "string"
                  ],
                  "pattern": "^(.*)$"
                },
                "header": {
                  "$ref": "#contentHeader"
                },
                "sections": {
                  "type": "array",
                  "items": {
                    "$ref": "#section"
                  }
                }
              }
            },
            "progressBar": {
              "type": "object",
              "properties": {
                "steps": {
                  "type": "array",
                  "title": "Steps for claims",
                  "items": {
                    "$ref": "#claimsStep"
                  }
                },
                "commonText": {
                  "$ref": "#claimsText"
                },
                "cyberErmText": {
                  "$ref": "#claimsText"
                },
                "questionsText": {
                  "$ref": "#claimsText"
                }
              }
            }
          }
        },
        "userProfile": {
          "type": "object",
          "required": [
            "header",
            "sections"
          ],
          "properties": {
            "header": {
              "$ref": "#contentHeader"
            },
            "sections": {
              "type": "array",
              "items": {
                "$ref": "#section"
              }
            }
          }
        }
      },
      "coi": {
        "$id": "#/properties/pages/properties/coi",
        "type": "object",
        "title": "The COI Schema",
        "required": [
          "title",
          "header",
          "sections"
        ],
        "properties": {
          "title": {
            "$id": "#/properties/pages/properties/coi/properties/title",
            "type": "string",
            "title": "The Title Schema",
            "default": "",
            "examples": [
              "string"
            ],
            "pattern": "^(.*)$"
          },
          "header": {
            "$ref": "#contentHeader"
          },
          "sections": {
            "type": "array",
            "items": {
              "$ref": "#section"
            }
          }
        }
      }
    },
    "httpHeaders": {
      "$id": "#/properties/httpHeaders",
      "type": "object",
      "title": "The HTTP Headers Schema"
    }
  }
}
